{
  "main": {
    "ar-TN": {
      "identity": {
        "version": {
          "_cldrVersion": "27",
          "_number": "$Revision: 11217 $"
        },
        "generation": {
          "_date": "$Date: 2015-02-17 23:51:09 -0600 (Tue, 17 Feb 2015) $"
        },
        "language": "ar",
        "territory": "TN"
      },
      "dates": {
        "calendars": {
          "generic": {
            "months": {
              "format": {
                "abbreviated": {
                  "1": "M01",
                  "2": "M02",
                  "3": "M03",
                  "4": "M04",
                  "5": "M05",
                  "6": "M06",
                  "7": "M07",
                  "8": "M08",
                  "9": "M09",
                  "10": "M10",
                  "11": "M11",
                  "12": "M12"
                },
                "narrow": {
                  "1": "1",
                  "2": "2",
                  "3": "3",
                  "4": "4",
                  "5": "5",
                  "6": "6",
                  "7": "7",
                  "8": "8",
                  "9": "9",
                  "10": "10",
                  "11": "11",
                  "12": "12"
                },
                "wide": {
                  "1": "M01",
                  "2": "M02",
                  "3": "M03",
                  "4": "M04",
                  "5": "M05",
                  "6": "M06",
                  "7": "M07",
                  "8": "M08",
                  "9": "M09",
                  "10": "M10",
                  "11": "M11",
                  "12": "M12"
                }
              },
              "stand-alone": {
                "abbreviated": {
                  "1": "M01",
                  "2": "M02",
                  "3": "M03",
                  "4": "M04",
                  "5": "M05",
                  "6": "M06",
                  "7": "M07",
                  "8": "M08",
                  "9": "M09",
                  "10": "M10",
                  "11": "M11",
                  "12": "M12"
                },
                "narrow": {
                  "1": "1",
                  "2": "2",
                  "3": "3",
                  "4": "4",
                  "5": "5",
                  "6": "6",
                  "7": "7",
                  "8": "8",
                  "9": "9",
                  "10": "10",
                  "11": "11",
                  "12": "12"
                },
                "wide": {
                  "1": "M01",
                  "2": "M02",
                  "3": "M03",
                  "4": "M04",
                  "5": "M05",
                  "6": "M06",
                  "7": "M07",
                  "8": "M08",
                  "9": "M09",
                  "10": "M10",
                  "11": "M11",
                  "12": "M12"
                }
              }
            },
            "days": {
              "format": {
                "abbreviated": {
                  "sun": "الأحد",
                  "mon": "الاثنين",
                  "tue": "الثلاثاء",
                  "wed": "الأربعاء",
                  "thu": "الخميس",
                  "fri": "الجمعة",
                  "sat": "السبت"
                },
                "narrow": {
                  "sun": "ح",
                  "mon": "ن",
                  "tue": "ث",
                  "wed": "ر",
                  "thu": "خ",
                  "fri": "ج",
                  "sat": "س"
                },
                "short": {
                  "sun": "الأحد",
                  "mon": "الاثنين",
                  "tue": "الثلاثاء",
                  "wed": "الأربعاء",
                  "thu": "الخميس",
                  "fri": "الجمعة",
                  "sat": "السبت"
                },
                "wide": {
                  "sun": "الأحد",
                  "mon": "الاثنين",
                  "tue": "الثلاثاء",
                  "wed": "الأربعاء",
                  "thu": "الخميس",
                  "fri": "الجمعة",
                  "sat": "السبت"
                }
              },
              "stand-alone": {
                "abbreviated": {
                  "sun": "الأحد",
                  "mon": "الاثنين",
                  "tue": "الثلاثاء",
                  "wed": "الأربعاء",
                  "thu": "الخميس",
                  "fri": "الجمعة",
                  "sat": "السبت"
                },
                "narrow": {
                  "sun": "ح",
                  "mon": "ن",
                  "tue": "ث",
                  "wed": "ر",
                  "thu": "خ",
                  "fri": "ج",
                  "sat": "س"
                },
                "short": {
                  "sun": "الأحد",
                  "mon": "الاثنين",
                  "tue": "الثلاثاء",
                  "wed": "الأربعاء",
                  "thu": "الخميس",
                  "fri": "الجمعة",
                  "sat": "السبت"
                },
                "wide": {
                  "sun": "الأحد",
                  "mon": "الاثنين",
                  "tue": "الثلاثاء",
                  "wed": "الأربعاء",
                  "thu": "الخميس",
                  "fri": "الجمعة",
                  "sat": "السبت"
                }
              }
            },
            "quarters": {
              "format": {
                "abbreviated": {
                  "1": "الربع الأول",
                  "2": "الربع الثاني",
                  "3": "الربع الثالث",
                  "4": "الربع الرابع"
                },
                "narrow": {
                  "1": "١",
                  "2": "٢",
                  "3": "٣",
                  "4": "٤"
                },
                "wide": {
                  "1": "الربع الأول",
                  "2": "الربع الثاني",
                  "3": "الربع الثالث",
                  "4": "الربع الرابع"
                }
              },
              "stand-alone": {
                "abbreviated": {
                  "1": "الربع الأول",
                  "2": "الربع الثاني",
                  "3": "الربع الثالث",
                  "4": "الربع الرابع"
                },
                "narrow": {
                  "1": "١",
                  "2": "٢",
                  "3": "٣",
                  "4": "٤"
                },
                "wide": {
                  "1": "الربع الأول",
                  "2": "الربع الثاني",
                  "3": "الربع الثالث",
                  "4": "الربع الرابع"
                }
              }
            },
            "dayPeriods": {
              "format": {
                "abbreviated": {
                  "am": "ص",
                  "noon": "ظهرا",
                  "pm": "م"
                },
                "narrow": {
                  "am": "ص",
                  "noon": "ظ",
                  "pm": "م"
                },
                "wide": {
                  "am": "ص",
                  "noon": "ظهرا",
                  "pm": "م"
                }
              },
              "stand-alone": {
                "abbreviated": {
                  "am": "ص",
                  "noon": "ظهرا",
                  "pm": "م"
                },
                "narrow": {
                  "am": "ص",
                  "noon": "ظ",
                  "pm": "م"
                },
                "wide": {
                  "am": "ص",
                  "noon": "ظهرا",
                  "pm": "م"
                }
              }
            },
            "eras": {
              "eraNames": {
                "0": "ERA0",
                "1": "ERA1"
              },
              "eraAbbr": {
                "0": "ERA0",
                "1": "ERA1"
              },
              "eraNarrow": {
                "0": "ERA0",
                "1": "ERA1"
              }
            },
            "dateFormats": {
              "full": "EEEE، d MMMM، y G",
              "long": "d MMMM، y G",
              "medium": "dd‏/MM‏/y G",
              "short": "d‏/M‏/y GGGGG"
            },
            "timeFormats": {
              "full": "h:mm:ss a zzzz",
              "long": "h:mm:ss a z",
              "medium": "h:mm:ss a",
              "short": "h:mm a"
            },
            "dateTimeFormats": {
              "full": "{1} {0}",
              "long": "{1} {0}",
              "medium": "{1} {0}",
              "short": "{1} {0}",
              "availableFormats": {
                "E": "ccc",
                "EHm": "E HH:mm",
                "EHms": "E HH:mm:ss",
                "Ed": "E، d",
                "Ehm": "E h:mm a",
                "Ehms": "E h:mm:ss a",
                "Gy": "y G",
                "GyMMM": "MMM y G",
                "GyMMMEd": "E، d MMM، y G",
                "GyMMMd": "d MMM، y G",
                "H": "HH",
                "Hm": "HH:mm",
                "Hms": "HH:mm:ss",
                "M": "L",
                "MEd": "E، d/M",
                "MMM": "LLL",
                "MMMEd": "E، d MMM",
                "MMMd": "d MMM",
                "Md": "d/‏M",
                "d": "d",
                "h": "h a",
                "hm": "h:mm a",
                "hms": "h:mm:ss a",
                "ms": "mm:ss",
                "y": "y G",
                "yyyy": "y G",
                "yyyyM": "M‏/y G",
                "yyyyMEd": "E، d/‏M/‏y G",
                "yyyyMMM": "MMM، y G",
                "yyyyMMMEd": "E، d MMM، y G",
                "yyyyMMMM": "MMMM، y G",
                "yyyyMMMd": "d MMM، y G",
                "yyyyMd": "d‏/M‏/y G",
                "yyyyQQQ": "QQQ y G",
                "yyyyQQQQ": "QQQQ y G"
              },
              "appendItems": {
                "Day": "{0} ({2}: {1})",
                "Day-Of-Week": "{0} {1}",
                "Era": "{1} {0}",
                "Hour": "{0} ({2}: {1})",
                "Minute": "{0} ({2}: {1})",
                "Month": "{0} ({2}: {1})",
                "Quarter": "{0} ({2}: {1})",
                "Second": "{0} ({2}: {1})",
                "Timezone": "{0} {1}",
                "Week": "{0} ({2}: {1})",
                "Year": "{1} {0}"
              },
              "intervalFormats": {
                "intervalFormatFallback": "{0} – {1}",
                "H": {
                  "H": "HH–HH"
                },
                "Hm": {
                  "H": "HH:mm–HH:mm",
                  "m": "HH:mm–HH:mm"
                },
                "Hmv": {
                  "H": "HH:mm–HH:mm v",
                  "m": "HH:mm–HH:mm v"
                },
                "Hv": {
                  "H": "HH–HH v"
                },
                "M": {
                  "M": "M–M"
                },
                "MEd": {
                  "M": "E، d/‏M – E، d/‏M",
                  "d": "E، d/‏M –‏ E، d/‏M"
                },
                "MMM": {
                  "M": "MMM–MMM"
                },
                "MMMEd": {
                  "M": "E، d MMM – E، d MMM",
                  "d": "E، d – E، d MMM"
                },
                "MMMM": {
                  "M": "LLLL–LLLL"
                },
                "MMMd": {
                  "M": "d MMM – d MMM",
                  "d": "MMM d–d"
                },
                "Md": {
                  "M": "M/d – M/d",
                  "d": "M/d – M/d"
                },
                "d": {
                  "d": "d–d"
                },
                "h": {
                  "a": "h a – h a",
                  "h": "h–h a"
                },
                "hm": {
                  "a": "h:mm a – h:mm a",
                  "h": "h:mm–h:mm a",
                  "m": "h:mm–h:mm a"
                },
                "hmv": {
                  "a": "h:mm a – h:mm a v",
                  "h": "h:mm–h:mm a v",
                  "m": "h:mm–h:mm a v"
                },
                "hv": {
                  "a": "h a – h a v",
                  "h": "h–h a v"
                },
                "y": {
                  "y": "y–y G"
                },
                "yM": {
                  "M": "M‏/y – M‏/y G",
                  "y": "M‏/y – M‏/y G"
                },
                "yMEd": {
                  "M": "E، d‏/M‏/y – E، d‏/M‏/y G",
                  "d": "E، dd‏/MM‏/y – E، dd‏/MM‏/y G",
                  "y": "E، d‏/M‏/y – E، d‏/M‏/y G"
                },
                "yMMM": {
                  "M": "MMM – MMM، y G",
                  "y": "MMM، y – MMM، y G"
                },
                "yMMMEd": {
                  "M": "E، d MMM – E، d MMM، y G",
                  "d": "E، d – E، d MMM، y G",
                  "y": "E، d MMM، y – E، d MMM، y G"
                },
                "yMMMM": {
                  "M": "MMMM – MMMM، y G",
                  "y": "MMMM، y – MMMM، y G"
                },
                "yMMMd": {
                  "M": "d MMM – d MMM، y G",
                  "d": "d–d MMM، y G",
                  "y": "d MMM، y – d MMM، y G"
                },
                "yMd": {
                  "M": "d‏/M‏/y – d‏/M‏/y G",
                  "d": "d‏/M‏/y – d‏/M‏/y G",
                  "y": "d‏/M‏/y – d‏/M‏/y G"
                }
              }
            }
          }
        }
      }
    }
  }
}
