{
  "main": {
    "af": {
      "identity": {
        "version": {
          "_cldrVersion": "27",
          "_number": "$Revision: 11294 $"
        },
        "generation": {
          "_date": "$Date: 2015-02-23 16:50:24 -0600 (Mon, 23 Feb 2015) $"
        },
        "language": "af"
      },
      "dates": {
        "fields": {
          "era": {
            "displayName": "Era"
          },
          "year": {
            "displayName": "Jaar",
            "relative-type--1": "verlede jaar",
            "relative-type-0": "hierdie jaar",
            "relative-type-1": "volgende jaar",
            "relativeTime-type-future": {
              "relativeTimePattern-count-one": "Oor {0} jaar",
              "relativeTimePattern-count-other": "Oor {0} jaar"
            },
            "relativeTime-type-past": {
              "relativeTimePattern-count-one": "{0} jaar gelede",
              "relativeTimePattern-count-other": "{0} jaar gelede"
            }
          },
          "year-short": {
            "displayName": "j.",
            "relative-type--1": "verlede jaar",
            "relative-type-0": "hierdie jaar",
            "relative-type-1": "volgende jaar",
            "relativeTime-type-future": {
              "relativeTimePattern-count-one": "Oor {0} jaar",
              "relativeTimePattern-count-other": "Oor {0} jaar"
            },
            "relativeTime-type-past": {
              "relativeTimePattern-count-one": "{0} jaar gelede",
              "relativeTimePattern-count-other": "{0} jaar gelede"
            }
          },
          "year-narrow": {
            "displayName": "j.",
            "relative-type--1": "verlede jaar",
            "relative-type-0": "hierdie jaar",
            "relative-type-1": "volgende jaar",
            "relativeTime-type-future": {
              "relativeTimePattern-count-one": "Oor {0} jaar",
              "relativeTimePattern-count-other": "Oor {0} jaar"
            },
            "relativeTime-type-past": {
              "relativeTimePattern-count-one": "{0} jaar gelede",
              "relativeTimePattern-count-other": "{0} jaar gelede"
            }
          },
          "quarter": {
            "displayName": "Kwartaal",
            "relative-type--1": "last quarter",
            "relative-type-0": "this quarter",
            "relative-type-1": "next quarter",
            "relativeTime-type-future": {
              "relativeTimePattern-count-one": "oor {0} kwartaal",
              "relativeTimePattern-count-other": "oor {0} kwartale"
            },
            "relativeTime-type-past": {
              "relativeTimePattern-count-one": "{0} kwartaal gelede",
              "relativeTimePattern-count-other": "{0} kwartale gelede"
            }
          },
          "quarter-short": {
            "displayName": "kw.",
            "relative-type--1": "last quarter",
            "relative-type-0": "this quarter",
            "relative-type-1": "next quarter",
            "relativeTime-type-future": {
              "relativeTimePattern-count-one": "oor {0} kwartaal",
              "relativeTimePattern-count-other": "oor {0} kwartale"
            },
            "relativeTime-type-past": {
              "relativeTimePattern-count-one": "{0} kwartaal gelede",
              "relativeTimePattern-count-other": "{0} kwartale gelede"
            }
          },
          "quarter-narrow": {
            "displayName": "kw.",
            "relative-type--1": "last quarter",
            "relative-type-0": "this quarter",
            "relative-type-1": "next quarter",
            "relativeTime-type-future": {
              "relativeTimePattern-count-one": "oor {0} kwartale",
              "relativeTimePattern-count-other": "oor {0} kwartale"
            },
            "relativeTime-type-past": {
              "relativeTimePattern-count-one": "{0} kwartale gelede",
              "relativeTimePattern-count-other": "{0} kwartale gelede"
            }
          },
          "month": {
            "displayName": "Maand",
            "relative-type--1": "verlede maand",
            "relative-type-0": "vandeesmaand",
            "relative-type-1": "volgende maand",
            "relativeTime-type-future": {
              "relativeTimePattern-count-one": "Oor {0} maand",
              "relativeTimePattern-count-other": "Oor {0} maande"
            },
            "relativeTime-type-past": {
              "relativeTimePattern-count-one": "{0} maand gelede",
              "relativeTimePattern-count-other": "{0} maande gelede"
            }
          },
          "month-short": {
            "displayName": "md.",
            "relative-type--1": "verlede maand",
            "relative-type-0": "vandeesmaand",
            "relative-type-1": "volgende maand",
            "relativeTime-type-future": {
              "relativeTimePattern-count-one": "oor {0} md.",
              "relativeTimePattern-count-other": "oor {0} md."
            },
            "relativeTime-type-past": {
              "relativeTimePattern-count-one": "{0} md. gelede",
              "relativeTimePattern-count-other": "{0} md. gelede"
            }
          },
          "month-narrow": {
            "displayName": "md.",
            "relative-type--1": "verlede maand",
            "relative-type-0": "vandeesmaand",
            "relative-type-1": "volgende maand",
            "relativeTime-type-future": {
              "relativeTimePattern-count-one": "oor {0} md.",
              "relativeTimePattern-count-other": "oor {0} md."
            },
            "relativeTime-type-past": {
              "relativeTimePattern-count-one": "{0} md. gelede",
              "relativeTimePattern-count-other": "{0} md. gelede"
            }
          },
          "week": {
            "displayName": "Week",
            "relative-type--1": "verlede week",
            "relative-type-0": "vandeesweek",
            "relative-type-1": "volgende week",
            "relativeTime-type-future": {
              "relativeTimePattern-count-one": "Oor {0} week",
              "relativeTimePattern-count-other": "Oor {0} weke"
            },
            "relativeTime-type-past": {
              "relativeTimePattern-count-one": "{0} week gelede",
              "relativeTimePattern-count-other": "{0} weke gelede"
            }
          },
          "week-short": {
            "displayName": "wk.",
            "relative-type--1": "verlede week",
            "relative-type-0": "vandeesweek",
            "relative-type-1": "volgende week",
            "relativeTime-type-future": {
              "relativeTimePattern-count-one": "oor {0} w.",
              "relativeTimePattern-count-other": "oor {0} w."
            },
            "relativeTime-type-past": {
              "relativeTimePattern-count-one": "{0} w. gelede",
              "relativeTimePattern-count-other": "{0} w. gelede"
            }
          },
          "week-narrow": {
            "displayName": "wk.",
            "relative-type--1": "verlede week",
            "relative-type-0": "vandeesweek",
            "relative-type-1": "volgende week",
            "relativeTime-type-future": {
              "relativeTimePattern-count-one": "oor {0} w.",
              "relativeTimePattern-count-other": "oor {0} w."
            },
            "relativeTime-type-past": {
              "relativeTimePattern-count-one": "{0} w. gelede",
              "relativeTimePattern-count-other": "{0} w. gelede"
            }
          },
          "day": {
            "displayName": "Dag",
            "relative-type--1": "gister",
            "relative-type--2": "eergister",
            "relative-type-0": "vandag",
            "relative-type-1": "môre",
            "relative-type-2": "oormôre",
            "relativeTime-type-future": {
              "relativeTimePattern-count-one": "Oor {0} dag",
              "relativeTimePattern-count-other": "Oor {0} dae"
            },
            "relativeTime-type-past": {
              "relativeTimePattern-count-one": "{0} dag gelede",
              "relativeTimePattern-count-other": "{0} dae gelede"
            }
          },
          "day-short": {
            "displayName": "d.",
            "relative-type--1": "gister",
            "relative-type--2": "eergister",
            "relative-type-0": "vandag",
            "relative-type-1": "môre",
            "relative-type-2": "oormôre",
            "relativeTime-type-future": {
              "relativeTimePattern-count-one": "oor {0} dag",
              "relativeTimePattern-count-other": "oor {0} dae"
            },
            "relativeTime-type-past": {
              "relativeTimePattern-count-one": "{0} dag gelede",
              "relativeTimePattern-count-other": "{0} dae gelede"
            }
          },
          "day-narrow": {
            "displayName": "d.",
            "relative-type--1": "gister",
            "relative-type--2": "eergister",
            "relative-type-0": "vandag",
            "relative-type-1": "môre",
            "relative-type-2": "oormôre",
            "relativeTime-type-future": {
              "relativeTimePattern-count-one": "oor {0} dag",
              "relativeTimePattern-count-other": "oor {0} dae"
            },
            "relativeTime-type-past": {
              "relativeTimePattern-count-one": "{0} dag gelede",
              "relativeTimePattern-count-other": "{0} dae gelede"
            }
          },
          "weekday": {
            "displayName": "Dag van die Week"
          },
          "sun": {
            "relative-type--1": "verlede Sondag",
            "relative-type-0": "hierdie Sondag",
            "relative-type-1": "volgende Sondag"
          },
          "sun-short": {
            "relative-type--1": "verlede Son.",
            "relative-type-0": "hierdie Son.",
            "relative-type-1": "volgende Son."
          },
          "sun-narrow": {
            "relative-type--1": "verlede Son.",
            "relative-type-0": "hierdie Son.",
            "relative-type-1": "volgende Son."
          },
          "mon": {
            "relative-type--1": "verlede Maandag",
            "relative-type-0": "hierdie Maandag",
            "relative-type-1": "volgende Maandag"
          },
          "mon-short": {
            "relative-type--1": "verlede Ma.",
            "relative-type-0": "hierdie Ma.",
            "relative-type-1": "volgende Ma."
          },
          "mon-narrow": {
            "relative-type--1": "verlede Ma.",
            "relative-type-0": "hierdie Ma.",
            "relative-type-1": "volgende Ma."
          },
          "tue": {
            "relative-type--1": "verlede Dinsdag",
            "relative-type-0": "hierdie Dinsdag",
            "relative-type-1": "volgende Dinsdag"
          },
          "tue-short": {
            "relative-type--1": "verlede Di.",
            "relative-type-0": "hierdie Di.",
            "relative-type-1": "volgende Di."
          },
          "tue-narrow": {
            "relative-type--1": "verlede Di.",
            "relative-type-0": "hierdie Di.",
            "relative-type-1": "volgende Di."
          },
          "wed": {
            "relative-type--1": "verlede Woensdag",
            "relative-type-0": "hierdie Woensdag",
            "relative-type-1": "volgende Woensdag"
          },
          "wed-short": {
            "relative-type--1": "verlede Wo.",
            "relative-type-0": "hierdie Wo.",
            "relative-type-1": "volgende Wo."
          },
          "wed-narrow": {
            "relative-type--1": "verlede Wo.",
            "relative-type-0": "hierdie Wo.",
            "relative-type-1": "volgende Wo."
          },
          "thu": {
            "relative-type--1": "verlede Donderdag",
            "relative-type-0": "hierdie Donderdag",
            "relative-type-1": "volgende Donderdag"
          },
          "thu-short": {
            "relative-type--1": "verlede Do.",
            "relative-type-0": "hierdie Do.",
            "relative-type-1": "volgende Do."
          },
          "thu-narrow": {
            "relative-type--1": "verlede Do.",
            "relative-type-0": "hierdie Do.",
            "relative-type-1": "volgende Do."
          },
          "fri": {
            "relative-type--1": "verlede Vrydag",
            "relative-type-0": "hierdie Vrydag",
            "relative-type-1": "volgende Vrydag"
          },
          "fri-short": {
            "relative-type--1": "verlede Vr.",
            "relative-type-0": "hierdie Vrydag",
            "relative-type-1": "volgende Vrydag"
          },
          "fri-narrow": {
            "relative-type--1": "verlede Vr.",
            "relative-type-0": "hierdie Vrydag",
            "relative-type-1": "volgende Vrydag"
          },
          "sat": {
            "relative-type--1": "verlede Saterdag",
            "relative-type-0": "hierdie Saterdag",
            "relative-type-1": "volgende Saterdag"
          },
          "sat-short": {
            "relative-type--1": "verlede Saterdag",
            "relative-type-0": "hierdie Saterdag",
            "relative-type-1": "volgende Saterdag"
          },
          "sat-narrow": {
            "relative-type--1": "verlede Saterdag",
            "relative-type-0": "hierdie Saterdag",
            "relative-type-1": "volgende Saterdag"
          },
          "dayperiod": {
            "displayName": "VM/NM"
          },
          "hour": {
            "displayName": "Uur",
            "relativeTime-type-future": {
              "relativeTimePattern-count-one": "Oor {0} uur",
              "relativeTimePattern-count-other": "Oor {0} uur"
            },
            "relativeTime-type-past": {
              "relativeTimePattern-count-one": "{0} uur gelede",
              "relativeTimePattern-count-other": "{0} uur gelede"
            }
          },
          "hour-short": {
            "displayName": "u.",
            "relativeTime-type-future": {
              "relativeTimePattern-count-one": "oor {0} uur",
              "relativeTimePattern-count-other": "oor {0} uur"
            },
            "relativeTime-type-past": {
              "relativeTimePattern-count-one": "{0} uur gelede",
              "relativeTimePattern-count-other": "{0} uur gelede"
            }
          },
          "hour-narrow": {
            "displayName": "u.",
            "relativeTime-type-future": {
              "relativeTimePattern-count-one": "oor {0} uur",
              "relativeTimePattern-count-other": "oor {0} uur"
            },
            "relativeTime-type-past": {
              "relativeTimePattern-count-one": "{0} uur gelede",
              "relativeTimePattern-count-other": "{0} uur gelede"
            }
          },
          "minute": {
            "displayName": "Minuut",
            "relativeTime-type-future": {
              "relativeTimePattern-count-one": "Oor {0} minuut",
              "relativeTimePattern-count-other": "Oor {0} minute"
            },
            "relativeTime-type-past": {
              "relativeTimePattern-count-one": "{0} minuut gelede",
              "relativeTimePattern-count-other": "{0} minute gelede"
            }
          },
          "minute-short": {
            "displayName": "min.",
            "relativeTime-type-future": {
              "relativeTimePattern-count-one": "oor {0} min.",
              "relativeTimePattern-count-other": "oor {0} min."
            },
            "relativeTime-type-past": {
              "relativeTimePattern-count-one": "{0} min. gelede",
              "relativeTimePattern-count-other": "{0} min. gelede"
            }
          },
          "minute-narrow": {
            "displayName": "m.",
            "relativeTime-type-future": {
              "relativeTimePattern-count-one": "oor {0} min.",
              "relativeTimePattern-count-other": "oor {0} min."
            },
            "relativeTime-type-past": {
              "relativeTimePattern-count-one": "{0} min. gelede",
              "relativeTimePattern-count-other": "{0} min. gelede"
            }
          },
          "second": {
            "displayName": "Sekonde",
            "relative-type-0": "nou",
            "relativeTime-type-future": {
              "relativeTimePattern-count-one": "Oor {0} sekonde",
              "relativeTimePattern-count-other": "Oor {0} sekondes"
            },
            "relativeTime-type-past": {
              "relativeTimePattern-count-one": "{0} sekonde gelede",
              "relativeTimePattern-count-other": "{0} sekondes gelede"
            }
          },
          "second-short": {
            "displayName": "sek.",
            "relative-type-0": "nou",
            "relativeTime-type-future": {
              "relativeTimePattern-count-one": "oor {0} sek.",
              "relativeTimePattern-count-other": "oor {0} sek."
            },
            "relativeTime-type-past": {
              "relativeTimePattern-count-one": "{0} sek. gelede",
              "relativeTimePattern-count-other": "{0} sek. gelede"
            }
          },
          "second-narrow": {
            "displayName": "s.",
            "relative-type-0": "nou",
            "relativeTime-type-future": {
              "relativeTimePattern-count-one": "oor {0} sek.",
              "relativeTimePattern-count-other": "oor {0} sek."
            },
            "relativeTime-type-past": {
              "relativeTimePattern-count-one": "{0} sek. gelede",
              "relativeTimePattern-count-other": "{0} sek. gelede"
            }
          },
          "zone": {
            "displayName": "Tydsone"
          }
        }
      }
    }
  }
}
