{
  "main": {
    "ca-ES-VALENCIA": {
      "identity": {
        "version": {
          "_cldrVersion": "27",
          "_number": "$Revision: 10741 $"
        },
        "generation": {
          "_date": "$Date: 2014-08-07 13:24:47 -0500 (Thu, 07 Aug 2014) $"
        },
        "language": "ca",
        "territory": "ES",
        "variant": "VALENCIA"
      },
      "dates": {
        "calendars": {
          "gregorian": {
            "months": {
              "format": {
                "abbreviated": {
                  "1": "gen.",
                  "2": "febr.",
                  "3": "març",
                  "4": "abr.",
                  "5": "maig",
                  "6": "juny",
                  "7": "jul.",
                  "8": "ag.",
                  "9": "set.",
                  "10": "oct.",
                  "11": "nov.",
                  "12": "des."
                },
                "narrow": {
                  "1": "GN",
                  "2": "FB",
                  "3": "MÇ",
                  "4": "AB",
                  "5": "MG",
                  "6": "JN",
                  "7": "JL",
                  "8": "AG",
                  "9": "ST",
                  "10": "OC",
                  "11": "NV",
                  "12": "DS"
                },
                "wide": {
                  "1": "de gener",
                  "2": "de febrer",
                  "3": "de març",
                  "4": "d’abril",
                  "5": "de maig",
                  "6": "de juny",
                  "7": "de juliol",
                  "8": "d’agost",
                  "9": "de setembre",
                  "10": "d’octubre",
                  "11": "de novembre",
                  "12": "de desembre"
                }
              },
              "stand-alone": {
                "abbreviated": {
                  "1": "gen.",
                  "2": "febr.",
                  "3": "març",
                  "4": "abr.",
                  "5": "maig",
                  "6": "juny",
                  "7": "jul.",
                  "8": "ag.",
                  "9": "set.",
                  "10": "oct.",
                  "11": "nov.",
                  "12": "des."
                },
                "narrow": {
                  "1": "GN",
                  "2": "FB",
                  "3": "MÇ",
                  "4": "AB",
                  "5": "MG",
                  "6": "JN",
                  "7": "JL",
                  "8": "AG",
                  "9": "ST",
                  "10": "OC",
                  "11": "NV",
                  "12": "DS"
                },
                "wide": {
                  "1": "gener",
                  "2": "febrer",
                  "3": "març",
                  "4": "abril",
                  "5": "maig",
                  "6": "juny",
                  "7": "juliol",
                  "8": "agost",
                  "9": "setembre",
                  "10": "octubre",
                  "11": "novembre",
                  "12": "desembre"
                }
              }
            },
            "days": {
              "format": {
                "abbreviated": {
                  "sun": "dg.",
                  "mon": "dl.",
                  "tue": "dt.",
                  "wed": "dc.",
                  "thu": "dj.",
                  "fri": "dv.",
                  "sat": "ds."
                },
                "narrow": {
                  "sun": "dg",
                  "mon": "dl",
                  "tue": "dt",
                  "wed": "dc",
                  "thu": "dj",
                  "fri": "dv",
                  "sat": "ds"
                },
                "short": {
                  "sun": "dg.",
                  "mon": "dl.",
                  "tue": "dt.",
                  "wed": "dc.",
                  "thu": "dj.",
                  "fri": "dv.",
                  "sat": "ds."
                },
                "wide": {
                  "sun": "diumenge",
                  "mon": "dilluns",
                  "tue": "dimarts",
                  "wed": "dimecres",
                  "thu": "dijous",
                  "fri": "divendres",
                  "sat": "dissabte"
                }
              },
              "stand-alone": {
                "abbreviated": {
                  "sun": "dg.",
                  "mon": "dl.",
                  "tue": "dt.",
                  "wed": "dc.",
                  "thu": "dj.",
                  "fri": "dv.",
                  "sat": "ds."
                },
                "narrow": {
                  "sun": "dg",
                  "mon": "dl",
                  "tue": "dt",
                  "wed": "dc",
                  "thu": "dj",
                  "fri": "dv",
                  "sat": "ds"
                },
                "short": {
                  "sun": "dg.",
                  "mon": "dl.",
                  "tue": "dt.",
                  "wed": "dc.",
                  "thu": "dj.",
                  "fri": "dv.",
                  "sat": "ds."
                },
                "wide": {
                  "sun": "diumenge",
                  "mon": "dilluns",
                  "tue": "dimarts",
                  "wed": "dimecres",
                  "thu": "dijous",
                  "fri": "divendres",
                  "sat": "dissabte"
                }
              }
            },
            "quarters": {
              "format": {
                "abbreviated": {
                  "1": "1T",
                  "2": "2T",
                  "3": "3T",
                  "4": "4T"
                },
                "narrow": {
                  "1": "1",
                  "2": "2",
                  "3": "3",
                  "4": "4"
                },
                "wide": {
                  "1": "1r trimestre",
                  "2": "2n trimestre",
                  "3": "3r trimestre",
                  "4": "4t trimestre"
                }
              },
              "stand-alone": {
                "abbreviated": {
                  "1": "1T",
                  "2": "2T",
                  "3": "3T",
                  "4": "4T"
                },
                "narrow": {
                  "1": "1",
                  "2": "2",
                  "3": "3",
                  "4": "4"
                },
                "wide": {
                  "1": "1r trimestre",
                  "2": "2n trimestre",
                  "3": "3r trimestre",
                  "4": "4t trimestre"
                }
              }
            },
            "dayPeriods": {
              "format": {
                "abbreviated": {
                  "am": "a. m.",
                  "noon": "migdia",
                  "pm": "p. m."
                },
                "narrow": {
                  "am": "a.m.",
                  "noon": "md",
                  "pm": "p.m."
                },
                "wide": {
                  "am": "a. m.",
                  "noon": "migdia",
                  "pm": "p. m."
                }
              },
              "stand-alone": {
                "abbreviated": {
                  "am": "a. m.",
                  "noon": "migdia",
                  "pm": "p. m."
                },
                "narrow": {
                  "am": "a.m.",
                  "noon": "md",
                  "pm": "p.m."
                },
                "wide": {
                  "am": "a. m.",
                  "noon": "migdia",
                  "pm": "p. m."
                }
              }
            },
            "eras": {
              "eraNames": {
                "0": "abans de Crist",
                "0-alt-variant": "abans de l’Era Comuna",
                "1": "després de Crist",
                "1-alt-variant": "Era Comuna"
              },
              "eraAbbr": {
                "0": "aC",
                "0-alt-variant": "AEC",
                "1": "dC",
                "1-alt-variant": "EC"
              },
              "eraNarrow": {
                "0": "aC",
                "0-alt-variant": "a. de la n. e.",
                "1": "dC",
                "1-alt-variant": "de la n.e."
              }
            },
            "dateFormats": {
              "full": "EEEE, d MMMM 'de' y",
              "long": "d MMMM 'de' y",
              "medium": "d MMM y",
              "short": "d/M/yy"
            },
            "timeFormats": {
              "full": "H:mm:ss zzzz",
              "long": "H:mm:ss z",
              "medium": "H:mm:ss",
              "short": "H:mm"
            },
            "dateTimeFormats": {
              "full": "{1} 'a les' {0}",
              "long": "{1}, {0}",
              "medium": "{1} , {0}",
              "short": "{1} {0}",
              "availableFormats": {
                "E": "ccc",
                "EHm": "E H:mm",
                "EHms": "E H:mm:ss",
                "Ed": "E d",
                "Ehm": "E h:mm a",
                "Ehms": "E h:mm:ss a",
                "Gy": "y G",
                "GyMMM": "LLL y G",
                "GyMMMEd": "E, d MMM y G",
                "GyMMMM": "LLLL 'de' y G",
                "GyMMMMEd": "E, d MMMM 'de' y G",
                "GyMMMMd": "d MMMM 'de' y G",
                "GyMMMd": "d MMM y G",
                "H": "H",
                "Hm": "HH:mm",
                "Hms": "HH:mm:ss",
                "Hmsv": "HH:mm:ss v",
                "Hmv": "HH:mm v",
                "M": "L",
                "MEd": "E d/M",
                "MMM": "LLL",
                "MMMEd": "E, d MMM",
                "MMMMEd": "E, d MMMM",
                "MMMMd": "d MMMM",
                "MMMd": "d MMM",
                "Md": "d/M",
                "d": "d",
                "h": "h a",
                "hm": "h:mm a",
                "hms": "h:mm:ss a",
                "hmsv": "h:mm:ss a v",
                "hmv": "h:mm a v",
                "ms": "mm:ss",
                "y": "y",
                "yM": "M/y",
                "yMEd": "E, d/M/y",
                "yMMM": "LLL y",
                "yMMMEd": "E, d MMM y",
                "yMMMM": "LLLL 'de' y",
                "yMMMMEd": "E, d MMMM 'de' y",
                "yMMMMd": "d MMMM 'de' y",
                "yMMMd": "d MMM y",
                "yMd": "d/M/y",
                "yQQQ": "QQQ y",
                "yQQQQ": "QQQQ y"
              },
              "appendItems": {
                "Day": "{0} ({2}: {1})",
                "Day-Of-Week": "{0} {1}",
                "Era": "{1} {0}",
                "Hour": "{0} ({2}: {1})",
                "Minute": "{0} ({2}: {1})",
                "Month": "{0} ({2}: {1})",
                "Quarter": "{0} ({2}: {1})",
                "Second": "{0} ({2}: {1})",
                "Timezone": "{0} {1}",
                "Week": "{0} ({2}: {1})",
                "Year": "{1} {0}"
              },
              "intervalFormats": {
                "intervalFormatFallback": "{0} - {1}",
                "H": {
                  "H": "H–H"
                },
                "Hm": {
                  "H": "H:mm – H:mm",
                  "m": "H:mm – H:mm"
                },
                "Hmv": {
                  "H": "H:mm–H:mm v",
                  "m": "H:mm–H:mm v"
                },
                "Hv": {
                  "H": "H–H v"
                },
                "M": {
                  "M": "M–M"
                },
                "MEd": {
                  "M": "E dd/MM – E dd/MM",
                  "d": "E dd/MM – E dd/MM"
                },
                "MMM": {
                  "M": "LLL – LLL"
                },
                "MMMEd": {
                  "M": "E, d MMM – E, d MMM",
                  "d": "E, d – E, d MMM"
                },
                "MMMd": {
                  "M": "d MMM – d MMM",
                  "d": "d–d MMM"
                },
                "Md": {
                  "M": "dd/MM – dd/MM",
                  "d": "dd/MM – dd/MM"
                },
                "d": {
                  "d": "d–d"
                },
                "h": {
                  "a": "h a – h a",
                  "h": "h–h a"
                },
                "hm": {
                  "a": "h:mm a – h:mm a",
                  "h": "h:mm–h:mm a",
                  "m": "h:mm–h:mm a"
                },
                "hmv": {
                  "a": "h:mm a – h:mm a v",
                  "h": "h:mm–h:mm a v",
                  "m": "h:mm–h:mm a v"
                },
                "hv": {
                  "a": "h a – h a v",
                  "h": "h–h a v"
                },
                "y": {
                  "y": "y–y"
                },
                "yM": {
                  "M": "MM/y – MM/y",
                  "y": "MM/y – MM/y"
                },
                "yMEd": {
                  "M": "E dd/MM/y – E dd/MM/y",
                  "d": "E dd/MM/y – E dd/MM/y",
                  "y": "E dd/MM/y – E dd/MM/y"
                },
                "yMMM": {
                  "M": "LLL–LLL y",
                  "y": "LLL y – LLL y"
                },
                "yMMMEd": {
                  "M": "E, d MMM – E, d MMM y",
                  "d": "E, d – E, d MMM y",
                  "y": "E, d MMM y – E, d MMM y"
                },
                "yMMMM": {
                  "M": "LLLL–LLLL 'de' y",
                  "y": "LLLL 'de' y – LLLL 'de' y"
                },
                "yMMMMEd": {
                  "M": "E, d MMMM – E, d MMMM 'de' y",
                  "d": "E, d – E, d MMMM 'de' y",
                  "y": "E, d MMMM 'de' y – E, d MMMM 'de' y"
                },
                "yMMMMd": {
                  "M": "d MMMM – d MMMM 'de' y",
                  "d": "d–d MMMM 'de' y",
                  "y": "d MMMM 'de' y – d MMMM 'de' y"
                },
                "yMMMd": {
                  "M": "d MMM – d MMM y",
                  "d": "d–d MMM y",
                  "y": "d MMM y – d MMM y"
                },
                "yMd": {
                  "M": "dd/MM/y – dd/MM/y",
                  "d": "dd/MM/y – dd/MM/y",
                  "y": "dd/MM/y – dd/MM/y"
                }
              }
            }
          }
        }
      }
    }
  }
}
