{
  "main": {
    "el": {
      "identity": {
        "version": {
          "_cldrVersion": "27",
          "_number": "$Revision: 11294 $"
        },
        "generation": {
          "_date": "$Date: 2015-02-23 16:50:24 -0600 (Mon, 23 Feb 2015) $"
        },
        "language": "el"
      },
      "dates": {
        "fields": {
          "era": {
            "displayName": "Περίοδος"
          },
          "year": {
            "displayName": "Έτος",
            "relative-type--1": "προηγούμενο έτος",
            "relative-type-0": "φέτος",
            "relative-type-1": "επόμενο έτος",
            "relativeTime-type-future": {
              "relativeTimePattern-count-one": "σε {0} έτος",
              "relativeTimePattern-count-other": "σε {0} έτη"
            },
            "relativeTime-type-past": {
              "relativeTimePattern-count-one": "πριν από {0} έτος",
              "relativeTimePattern-count-other": "πριν από {0} έτη"
            }
          },
          "year-short": {
            "displayName": "έτ.",
            "relative-type--1": "προηγούμενο έτος",
            "relative-type-0": "φέτος",
            "relative-type-1": "επόμενο έτος",
            "relativeTime-type-future": {
              "relativeTimePattern-count-one": "σε {0} έτος",
              "relativeTimePattern-count-other": "σε {0} έτη"
            },
            "relativeTime-type-past": {
              "relativeTimePattern-count-one": "πριν από {0} έτος",
              "relativeTimePattern-count-other": "πριν από {0} έτη"
            }
          },
          "year-narrow": {
            "displayName": "έτ.",
            "relative-type--1": "προηγούμενο έτος",
            "relative-type-0": "φέτος",
            "relative-type-1": "επόμενο έτος",
            "relativeTime-type-future": {
              "relativeTimePattern-count-one": "+{0} έτος",
              "relativeTimePattern-count-other": "+{0} έτη"
            },
            "relativeTime-type-past": {
              "relativeTimePattern-count-one": "-{0} έτος",
              "relativeTimePattern-count-other": "-{0} έτη"
            }
          },
          "quarter": {
            "displayName": "Τρίμηνο",
            "relative-type--1": "last quarter",
            "relative-type-0": "this quarter",
            "relative-type-1": "next quarter",
            "relativeTime-type-future": {
              "relativeTimePattern-count-one": "σε {0} τρίμηνο",
              "relativeTimePattern-count-other": "σε {0} τρίμηνα"
            },
            "relativeTime-type-past": {
              "relativeTimePattern-count-one": "πριν από {0} τρίμηνο",
              "relativeTimePattern-count-other": "πριν από {0} τρίμηνα"
            }
          },
          "quarter-short": {
            "displayName": "τρίμ.",
            "relative-type--1": "last quarter",
            "relative-type-0": "this quarter",
            "relative-type-1": "next quarter",
            "relativeTime-type-future": {
              "relativeTimePattern-count-one": "σε {0} τρίμ.",
              "relativeTimePattern-count-other": "σε {0} τρίμ."
            },
            "relativeTime-type-past": {
              "relativeTimePattern-count-one": "πριν από {0} τρίμ.",
              "relativeTimePattern-count-other": "πριν από {0} τρίμ."
            }
          },
          "quarter-narrow": {
            "displayName": "τρίμ.",
            "relative-type--1": "last quarter",
            "relative-type-0": "this quarter",
            "relative-type-1": "next quarter",
            "relativeTime-type-future": {
              "relativeTimePattern-count-one": "+{0} Τ",
              "relativeTimePattern-count-other": "+{0} Τ"
            },
            "relativeTime-type-past": {
              "relativeTimePattern-count-one": "-{0} Τ",
              "relativeTimePattern-count-other": "-{0} Τ"
            }
          },
          "month": {
            "displayName": "Μήνας",
            "relative-type--1": "προηγούμενος μήνας",
            "relative-type-0": "τρέχων μήνας",
            "relative-type-1": "επόμενος μήνας",
            "relativeTime-type-future": {
              "relativeTimePattern-count-one": "σε {0} μήνα",
              "relativeTimePattern-count-other": "σε {0} μήνες"
            },
            "relativeTime-type-past": {
              "relativeTimePattern-count-one": "πριν από {0} μήνα",
              "relativeTimePattern-count-other": "πριν από {0} μήνες"
            }
          },
          "month-short": {
            "displayName": "μήν.",
            "relative-type--1": "προηγούμενος μήνας",
            "relative-type-0": "τρέχων μήνας",
            "relative-type-1": "επόμενος μήνας",
            "relativeTime-type-future": {
              "relativeTimePattern-count-one": "σε {0} μήν.",
              "relativeTimePattern-count-other": "σε {0} μήν."
            },
            "relativeTime-type-past": {
              "relativeTimePattern-count-one": "πριν από {0} μήν.",
              "relativeTimePattern-count-other": "πριν από {0} μήν."
            }
          },
          "month-narrow": {
            "displayName": "μήν.",
            "relative-type--1": "προηγούμενος μήνας",
            "relative-type-0": "τρέχων μήνας",
            "relative-type-1": "επόμενος μήνας",
            "relativeTime-type-future": {
              "relativeTimePattern-count-one": "+{0} μήν.",
              "relativeTimePattern-count-other": "+{0} μήν."
            },
            "relativeTime-type-past": {
              "relativeTimePattern-count-one": "-{0} μήν.",
              "relativeTimePattern-count-other": "-{0} μήν."
            }
          },
          "week": {
            "displayName": "Εβδομάδα",
            "relative-type--1": "προηγούμενη εβδομάδα",
            "relative-type-0": "αυτήν την εβδομάδα",
            "relative-type-1": "επόμενη εβδομάδα",
            "relativeTime-type-future": {
              "relativeTimePattern-count-one": "σε {0} εβδομάδα",
              "relativeTimePattern-count-other": "σε {0} εβδομάδες"
            },
            "relativeTime-type-past": {
              "relativeTimePattern-count-one": "πριν από {0} εβδομάδα",
              "relativeTimePattern-count-other": "πριν από {0} εβδομάδες"
            }
          },
          "week-short": {
            "displayName": "εβδ.",
            "relative-type--1": "προηγούμενη εβδομάδα",
            "relative-type-0": "αυτήν την εβδομάδα",
            "relative-type-1": "επόμενη εβδομάδα",
            "relativeTime-type-future": {
              "relativeTimePattern-count-one": "σε {0} εβδ.",
              "relativeTimePattern-count-other": "σε {0} εβδ."
            },
            "relativeTime-type-past": {
              "relativeTimePattern-count-one": "πριν από {0} εβδ.",
              "relativeTimePattern-count-other": "πριν από {0} εβδ."
            }
          },
          "week-narrow": {
            "displayName": "εβδ.",
            "relative-type--1": "προηγούμενη εβδομάδα",
            "relative-type-0": "αυτήν την εβδομάδα",
            "relative-type-1": "επόμενη εβδομάδα",
            "relativeTime-type-future": {
              "relativeTimePattern-count-one": "+{0} εβδ.",
              "relativeTimePattern-count-other": "+{0} εβδ."
            },
            "relativeTime-type-past": {
              "relativeTimePattern-count-one": "-{0} εβδ.",
              "relativeTimePattern-count-other": "-{0} εβδ."
            }
          },
          "day": {
            "displayName": "Ημέρα",
            "relative-type--1": "χθες",
            "relative-type--2": "προχθές",
            "relative-type-0": "σήμερα",
            "relative-type-1": "αύριο",
            "relative-type-2": "μεθαύριο",
            "relativeTime-type-future": {
              "relativeTimePattern-count-one": "σε {0} ημέρα",
              "relativeTimePattern-count-other": "σε {0} ημέρες"
            },
            "relativeTime-type-past": {
              "relativeTimePattern-count-one": "πριν από {0} ημέρα",
              "relativeTimePattern-count-other": "πριν από {0} ημέρες"
            }
          },
          "day-short": {
            "displayName": "ημέρα",
            "relative-type--1": "χθες",
            "relative-type--2": "προχθές",
            "relative-type-0": "σήμερα",
            "relative-type-1": "αύριο",
            "relative-type-2": "μεθαύριο",
            "relativeTime-type-future": {
              "relativeTimePattern-count-one": "σε {0} ημέρα",
              "relativeTimePattern-count-other": "σε {0} ημέρες"
            },
            "relativeTime-type-past": {
              "relativeTimePattern-count-one": "πριν από {0} ημέρα",
              "relativeTimePattern-count-other": "πριν από {0} ημέρες"
            }
          },
          "day-narrow": {
            "displayName": "ημέρα",
            "relative-type--1": "χθες",
            "relative-type--2": "προχθές",
            "relative-type-0": "σήμερα",
            "relative-type-1": "αύριο",
            "relative-type-2": "μεθαύριο",
            "relativeTime-type-future": {
              "relativeTimePattern-count-one": "σε {0} ημέρα",
              "relativeTimePattern-count-other": "σε {0} ημέρες"
            },
            "relativeTime-type-past": {
              "relativeTimePattern-count-one": "πριν από {0} ημέρα",
              "relativeTimePattern-count-other": "πριν από {0} ημέρες"
            }
          },
          "weekday": {
            "displayName": "Ημέρα εβδομάδας"
          },
          "sun": {
            "relative-type--1": "προηγούμενη Κυριακή",
            "relative-type-0": "αυτήν την Κυριακή",
            "relative-type-1": "επόμενη Κυριακή"
          },
          "sun-short": {
            "relative-type--1": "προηγ. Κυρ.",
            "relative-type-0": "αυτήν την Κυρ.",
            "relative-type-1": "επόμ. Κυρ."
          },
          "sun-narrow": {
            "relative-type--1": "προηγ. Κυ",
            "relative-type-0": "αυτήν την Κυ",
            "relative-type-1": "επόμ. Κυ"
          },
          "mon": {
            "relative-type--1": "προηγούμενη Δευτέρα",
            "relative-type-0": "αυτήν τη Δευτέρα",
            "relative-type-1": "επόμενη Δευτέρα"
          },
          "mon-short": {
            "relative-type--1": "προηγ. Δευτ.",
            "relative-type-0": "αυτήν τη Δευτ.",
            "relative-type-1": "επόμ. Δευτ."
          },
          "mon-narrow": {
            "relative-type--1": "προηγ. Δε",
            "relative-type-0": "αυτήν τη Δε",
            "relative-type-1": "επόμ. Δε"
          },
          "tue": {
            "relative-type--1": "προηγούμενη Τρίτη",
            "relative-type-0": "αυτήν την Τρίτη",
            "relative-type-1": "επόμενη Τρίτη"
          },
          "tue-short": {
            "relative-type--1": "προηγ. Τρ.",
            "relative-type-0": "αυτήν την Τρ.",
            "relative-type-1": "επόμ. Τρ."
          },
          "tue-narrow": {
            "relative-type--1": "προηγ. Τρ",
            "relative-type-0": "αυτήν την Τρ",
            "relative-type-1": "επόμ. Τρ"
          },
          "wed": {
            "relative-type--1": "προηγούμενη Τετάρτη",
            "relative-type-0": "αυτήν την Τετάρτη",
            "relative-type-1": "επόμενη Τετάρτη"
          },
          "wed-short": {
            "relative-type--1": "προηγ. Τετ.",
            "relative-type-0": "αυτήν την Τετ.",
            "relative-type-1": "επόμ. Τετ."
          },
          "wed-narrow": {
            "relative-type--1": "προηγ. Τε",
            "relative-type-0": "αυτήν την Τε",
            "relative-type-1": "επόμ. Τε"
          },
          "thu": {
            "relative-type--1": "επόμενη Πέμπτη",
            "relative-type-0": "αυτήν την Πέμπτη",
            "relative-type-1": "επόμενη Πέμπτη"
          },
          "thu-short": {
            "relative-type--1": "προηγ. Πέμ.",
            "relative-type-0": "αυτήν την Πέμ.",
            "relative-type-1": "επόμ. Πέμ."
          },
          "thu-narrow": {
            "relative-type--1": "προηγ. Πέ",
            "relative-type-0": "αυτήν την Πέ",
            "relative-type-1": "επόμ. Πέ"
          },
          "fri": {
            "relative-type--1": "προηγούμενη Παρασκευή",
            "relative-type-0": "αυτήν την Παρασκευή",
            "relative-type-1": "επόμενη Παρασκευή"
          },
          "fri-short": {
            "relative-type--1": "προηγ. Παρ.",
            "relative-type-0": "αυτήν την Παρ.",
            "relative-type-1": "επόμ. Παρ."
          },
          "fri-narrow": {
            "relative-type--1": "προηγ. Πα",
            "relative-type-0": "αυτήν την Πα",
            "relative-type-1": "επόμ. Πα"
          },
          "sat": {
            "relative-type--1": "προηγούμενο Σάββατο",
            "relative-type-0": "αυτό το Σάββατο",
            "relative-type-1": "επόμενο Σάββατο"
          },
          "sat-short": {
            "relative-type--1": "προηγ. Σάβ.",
            "relative-type-0": "αυτό το Σάβ.",
            "relative-type-1": "επόμ. Σάβ."
          },
          "sat-narrow": {
            "relative-type--1": "προηγ. Σά",
            "relative-type-0": "αυτό το Σά",
            "relative-type-1": "επόμ. Σά"
          },
          "dayperiod": {
            "displayName": "π.μ./μ.μ."
          },
          "hour": {
            "displayName": "Ώρα",
            "relativeTime-type-future": {
              "relativeTimePattern-count-one": "σε {0} ώρα",
              "relativeTimePattern-count-other": "σε {0} ώρες"
            },
            "relativeTime-type-past": {
              "relativeTimePattern-count-one": "πριν από {0} ώρα",
              "relativeTimePattern-count-other": "πριν από {0} ώρες"
            }
          },
          "hour-short": {
            "displayName": "ώρ.",
            "relativeTime-type-future": {
              "relativeTimePattern-count-one": "σε {0} ώρα",
              "relativeTimePattern-count-other": "σε {0} ώρ."
            },
            "relativeTime-type-past": {
              "relativeTimePattern-count-one": "πριν από {0} ώρα",
              "relativeTimePattern-count-other": "πριν από {0} ώρ."
            }
          },
          "hour-narrow": {
            "displayName": "ώ",
            "relativeTime-type-future": {
              "relativeTimePattern-count-one": "+{0} ώ",
              "relativeTimePattern-count-other": "+{0} ώ"
            },
            "relativeTime-type-past": {
              "relativeTimePattern-count-one": "-{0} ώ",
              "relativeTimePattern-count-other": "-{0} ώ"
            }
          },
          "minute": {
            "displayName": "Λεπτό",
            "relativeTime-type-future": {
              "relativeTimePattern-count-one": "σε {0} λεπτό",
              "relativeTimePattern-count-other": "σε {0} λεπτά"
            },
            "relativeTime-type-past": {
              "relativeTimePattern-count-one": "πριν από {0} λεπτό",
              "relativeTimePattern-count-other": "πριν από {0} λεπτά"
            }
          },
          "minute-short": {
            "displayName": "λεπ.",
            "relativeTime-type-future": {
              "relativeTimePattern-count-one": "σε {0} λεπ.",
              "relativeTimePattern-count-other": "σε {0} λεπ."
            },
            "relativeTime-type-past": {
              "relativeTimePattern-count-one": "πριν από {0} λεπ.",
              "relativeTimePattern-count-other": "πριν από {0} λεπ."
            }
          },
          "minute-narrow": {
            "displayName": "λ",
            "relativeTime-type-future": {
              "relativeTimePattern-count-one": "+{0} λ",
              "relativeTimePattern-count-other": "+{0} λ"
            },
            "relativeTime-type-past": {
              "relativeTimePattern-count-one": "-{0} λ",
              "relativeTimePattern-count-other": "-{0} λ"
            }
          },
          "second": {
            "displayName": "Δευτερόλεπτο",
            "relative-type-0": "τώρα",
            "relativeTime-type-future": {
              "relativeTimePattern-count-one": "σε {0} δευτερόλεπτο",
              "relativeTimePattern-count-other": "σε {0} δευτερόλεπτα"
            },
            "relativeTime-type-past": {
              "relativeTimePattern-count-one": "πριν από {0} δευτερόλεπτο",
              "relativeTimePattern-count-other": "πριν από {0} δευτερόλεπτα"
            }
          },
          "second-short": {
            "displayName": "δευτ.",
            "relative-type-0": "τώρα",
            "relativeTime-type-future": {
              "relativeTimePattern-count-one": "σε {0} δευτ.",
              "relativeTimePattern-count-other": "σε {0} δευτ."
            },
            "relativeTime-type-past": {
              "relativeTimePattern-count-one": "πριν από {0} δευτ.",
              "relativeTimePattern-count-other": "πριν από {0} δευτ."
            }
          },
          "second-narrow": {
            "displayName": "δ",
            "relative-type-0": "τώρα",
            "relativeTime-type-future": {
              "relativeTimePattern-count-one": "+{0} δ",
              "relativeTimePattern-count-other": "+{0} δ"
            },
            "relativeTime-type-past": {
              "relativeTimePattern-count-one": "-{0} δ",
              "relativeTimePattern-count-other": "-{0} δ"
            }
          },
          "zone": {
            "displayName": "Ζώνη ώρας"
          }
        }
      }
    }
  }
}
