{
  "main": {
    "en-KY": {
      "identity": {
        "version": {
          "_cldrVersion": "27",
          "_number": "$Revision: 10669 $"
        },
        "generation": {
          "_date": "$Date: 2014-07-23 16:10:33 -0500 (Wed, 23 Jul 2014) $"
        },
        "language": "en",
        "territory": "001"
      },
      "dates": {
        "calendars": {
          "gregorian": {
            "months": {
              "format": {
                "abbreviated": {
                  "1": "Jan",
                  "2": "Feb",
                  "3": "Mar",
                  "4": "Apr",
                  "5": "May",
                  "6": "Jun",
                  "7": "Jul",
                  "8": "Aug",
                  "9": "Sep",
                  "10": "Oct",
                  "11": "Nov",
                  "12": "Dec"
                },
                "narrow": {
                  "1": "J",
                  "2": "F",
                  "3": "M",
                  "4": "A",
                  "5": "M",
                  "6": "J",
                  "7": "J",
                  "8": "A",
                  "9": "S",
                  "10": "O",
                  "11": "N",
                  "12": "D"
                },
                "wide": {
                  "1": "January",
                  "2": "February",
                  "3": "March",
                  "4": "April",
                  "5": "May",
                  "6": "June",
                  "7": "July",
                  "8": "August",
                  "9": "September",
                  "10": "October",
                  "11": "November",
                  "12": "December"
                }
              },
              "stand-alone": {
                "abbreviated": {
                  "1": "Jan",
                  "2": "Feb",
                  "3": "Mar",
                  "4": "Apr",
                  "5": "May",
                  "6": "Jun",
                  "7": "Jul",
                  "8": "Aug",
                  "9": "Sep",
                  "10": "Oct",
                  "11": "Nov",
                  "12": "Dec"
                },
                "narrow": {
                  "1": "J",
                  "2": "F",
                  "3": "M",
                  "4": "A",
                  "5": "M",
                  "6": "J",
                  "7": "J",
                  "8": "A",
                  "9": "S",
                  "10": "O",
                  "11": "N",
                  "12": "D"
                },
                "wide": {
                  "1": "January",
                  "2": "February",
                  "3": "March",
                  "4": "April",
                  "5": "May",
                  "6": "June",
                  "7": "July",
                  "8": "August",
                  "9": "September",
                  "10": "October",
                  "11": "November",
                  "12": "December"
                }
              }
            },
            "days": {
              "format": {
                "abbreviated": {
                  "sun": "Sun",
                  "mon": "Mon",
                  "tue": "Tue",
                  "wed": "Wed",
                  "thu": "Thu",
                  "fri": "Fri",
                  "sat": "Sat"
                },
                "narrow": {
                  "sun": "S",
                  "mon": "M",
                  "tue": "T",
                  "wed": "W",
                  "thu": "T",
                  "fri": "F",
                  "sat": "S"
                },
                "short": {
                  "sun": "Su",
                  "mon": "Mo",
                  "tue": "Tu",
                  "wed": "We",
                  "thu": "Th",
                  "fri": "Fr",
                  "sat": "Sa"
                },
                "wide": {
                  "sun": "Sunday",
                  "mon": "Monday",
                  "tue": "Tuesday",
                  "wed": "Wednesday",
                  "thu": "Thursday",
                  "fri": "Friday",
                  "sat": "Saturday"
                }
              },
              "stand-alone": {
                "abbreviated": {
                  "sun": "Sun",
                  "mon": "Mon",
                  "tue": "Tue",
                  "wed": "Wed",
                  "thu": "Thu",
                  "fri": "Fri",
                  "sat": "Sat"
                },
                "narrow": {
                  "sun": "S",
                  "mon": "M",
                  "tue": "T",
                  "wed": "W",
                  "thu": "T",
                  "fri": "F",
                  "sat": "S"
                },
                "short": {
                  "sun": "Su",
                  "mon": "Mo",
                  "tue": "Tu",
                  "wed": "We",
                  "thu": "Th",
                  "fri": "Fr",
                  "sat": "Sa"
                },
                "wide": {
                  "sun": "Sunday",
                  "mon": "Monday",
                  "tue": "Tuesday",
                  "wed": "Wednesday",
                  "thu": "Thursday",
                  "fri": "Friday",
                  "sat": "Saturday"
                }
              }
            },
            "quarters": {
              "format": {
                "abbreviated": {
                  "1": "Q1",
                  "2": "Q2",
                  "3": "Q3",
                  "4": "Q4"
                },
                "narrow": {
                  "1": "1",
                  "2": "2",
                  "3": "3",
                  "4": "4"
                },
                "wide": {
                  "1": "1st quarter",
                  "2": "2nd quarter",
                  "3": "3rd quarter",
                  "4": "4th quarter"
                }
              },
              "stand-alone": {
                "abbreviated": {
                  "1": "Q1",
                  "2": "Q2",
                  "3": "Q3",
                  "4": "Q4"
                },
                "narrow": {
                  "1": "1",
                  "2": "2",
                  "3": "3",
                  "4": "4"
                },
                "wide": {
                  "1": "1st quarter",
                  "2": "2nd quarter",
                  "3": "3rd quarter",
                  "4": "4th quarter"
                }
              }
            },
            "dayPeriods": {
              "format": {
                "abbreviated": {
                  "am": "AM",
                  "am-alt-variant": "am",
                  "noon": "noon",
                  "pm": "PM",
                  "pm-alt-variant": "pm"
                },
                "narrow": {
                  "am": "a",
                  "noon": "n",
                  "pm": "p"
                },
                "wide": {
                  "am": "AM",
                  "am-alt-variant": "am",
                  "noon": "noon",
                  "pm": "PM",
                  "pm-alt-variant": "pm"
                }
              },
              "stand-alone": {
                "abbreviated": {
                  "am": "AM",
                  "am-alt-variant": "am",
                  "noon": "noon",
                  "pm": "PM",
                  "pm-alt-variant": "pm"
                },
                "narrow": {
                  "am": "a",
                  "noon": "n",
                  "pm": "p"
                },
                "wide": {
                  "am": "AM",
                  "am-alt-variant": "am",
                  "noon": "noon",
                  "pm": "PM",
                  "pm-alt-variant": "pm"
                }
              }
            },
            "eras": {
              "eraNames": {
                "0": "Before Christ",
                "0-alt-variant": "Before Common Era",
                "1": "Anno Domini",
                "1-alt-variant": "Common Era"
              },
              "eraAbbr": {
                "0": "BC",
                "0-alt-variant": "BCE",
                "1": "AD",
                "1-alt-variant": "CE"
              },
              "eraNarrow": {
                "0": "B",
                "0-alt-variant": "BCE",
                "1": "A",
                "1-alt-variant": "CE"
              }
            },
            "dateFormats": {
              "full": "EEEE, d MMMM y",
              "long": "d MMMM y",
              "medium": "d MMM y",
              "short": "dd/MM/y"
            },
            "timeFormats": {
              "full": "h:mm:ss a zzzz",
              "long": "h:mm:ss a z",
              "medium": "h:mm:ss a",
              "short": "h:mm a"
            },
            "dateTimeFormats": {
              "full": "{1} 'at' {0}",
              "long": "{1} 'at' {0}",
              "medium": "{1}, {0}",
              "short": "{1}, {0}",
              "availableFormats": {
                "E": "ccc",
                "EHm": "E HH:mm",
                "EHms": "E HH:mm:ss",
                "Ed": "d E",
                "Ehm": "E h:mm a",
                "Ehms": "E h:mm:ss a",
                "Gy": "y G",
                "GyMMM": "MMM y G",
                "GyMMMEd": "E, d MMM y G",
                "GyMMMd": "d MMM y G",
                "H": "HH",
                "Hm": "HH:mm",
                "Hms": "HH:mm:ss",
                "Hmsv": "HH:mm:ss v",
                "Hmv": "HH:mm v",
                "M": "L",
                "MEd": "E, dd/MM",
                "MMM": "LLL",
                "MMMEd": "E, d MMM",
                "MMMMd": "d MMMM",
                "MMMd": "d MMM",
                "MMdd": "dd/MM",
                "Md": "dd/MM",
                "d": "d",
                "h": "h a",
                "hm": "h:mm a",
                "hms": "h:mm:ss a",
                "hmsv": "h:mm:ss a v",
                "hmv": "h:mm a v",
                "ms": "mm:ss",
                "y": "y",
                "yM": "MM/y",
                "yMEd": "E, dd/MM/y",
                "yMMM": "MMM y",
                "yMMMEd": "E, d MMM y",
                "yMMMd": "d MMM y",
                "yMd": "dd/MM/y",
                "yQQQ": "QQQ y",
                "yQQQQ": "QQQQ y"
              },
              "appendItems": {
                "Day": "{0} ({2}: {1})",
                "Day-Of-Week": "{0} {1}",
                "Era": "{0} {1}",
                "Hour": "{0} ({2}: {1})",
                "Minute": "{0} ({2}: {1})",
                "Month": "{0} ({2}: {1})",
                "Quarter": "{0} ({2}: {1})",
                "Second": "{0} ({2}: {1})",
                "Timezone": "{0} {1}",
                "Week": "{0} ({2}: {1})",
                "Year": "{0} {1}"
              },
              "intervalFormats": {
                "intervalFormatFallback": "{0} – {1}",
                "H": {
                  "H": "HH – HH"
                },
                "Hm": {
                  "H": "HH:mm – HH:mm",
                  "m": "HH:mm – HH:mm"
                },
                "Hmv": {
                  "H": "HH:mm – HH:mm v",
                  "m": "HH:mm – HH:mm v"
                },
                "Hv": {
                  "H": "HH – HH v"
                },
                "M": {
                  "M": "M – M"
                },
                "MEd": {
                  "M": "E dd/MM – E dd/MM",
                  "d": "E dd/MM – E dd/MM"
                },
                "MMM": {
                  "M": "MMM – MMM"
                },
                "MMMEd": {
                  "M": "E d MMM – E d MMM",
                  "d": "E d – E d MMM"
                },
                "MMMd": {
                  "M": "d MMM – d MMM",
                  "d": "d – d MMM"
                },
                "Md": {
                  "M": "dd/MM – dd/MM",
                  "d": "dd/MM – dd/MM"
                },
                "d": {
                  "d": "d – d"
                },
                "h": {
                  "a": "h a – h a",
                  "h": "h – h a"
                },
                "hm": {
                  "a": "h:mm a – h:mm a",
                  "h": "h:mm – h:mm a",
                  "m": "h:mm – h:mm a"
                },
                "hmv": {
                  "a": "h:mm a – h:mm a v",
                  "h": "h:mm – h:mm a v",
                  "m": "h:mm – h:mm a v"
                },
                "hv": {
                  "a": "h a – h a v",
                  "h": "h – h a v"
                },
                "y": {
                  "y": "y – y"
                },
                "yM": {
                  "M": "MM/y – MM/y",
                  "y": "MM/y – MM/y"
                },
                "yMEd": {
                  "M": "E, dd/MM/y – E, dd/MM/y",
                  "d": "E, dd/MM/y – E, dd/MM/y",
                  "y": "E, dd/MM/y – E, dd/MM/y"
                },
                "yMMM": {
                  "M": "MMM – MMM y",
                  "y": "MMM y – MMM y"
                },
                "yMMMEd": {
                  "M": "E, d MMM – E, d MMM y",
                  "d": "E, d – E, d MMM y",
                  "y": "E, d MMM y – E, d MMM y"
                },
                "yMMMM": {
                  "M": "MMMM – MMMM y",
                  "y": "MMMM y – MMMM y"
                },
                "yMMMd": {
                  "M": "d MMM – d MMM y",
                  "d": "d – d MMM y",
                  "y": "d MMM y – d MMM y"
                },
                "yMd": {
                  "M": "dd/MM/y – dd/MM/y",
                  "d": "dd/MM/y – dd/MM/y",
                  "y": "dd/MM/y – dd/MM/y"
                }
              }
            }
          }
        }
      }
    }
  }
}
