{
  "main": {
    "bg": {
      "identity": {
        "version": {
          "_cldrVersion": "27",
          "_number": "$Revision: 11294 $"
        },
        "generation": {
          "_date": "$Date: 2015-02-23 16:50:24 -0600 (Mon, 23 Feb 2015) $"
        },
        "language": "bg"
      },
      "dates": {
        "timeZoneNames": {
          "hourFormat": "+HH:mm;-HH:mm",
          "gmtFormat": "Гринуич{0}",
          "gmtZeroFormat": "Гринуич",
          "regionFormat": "{0}",
          "regionFormat-type-standard": "{0} – стандартно време",
          "regionFormat-type-daylight": "{0} – лятно часово време",
          "fallbackFormat": "{1} ({0})",
          "zone": {
            "America": {
              "Adak": {
                "exemplarCity": "Адак"
              },
              "Anchorage": {
                "exemplarCity": "Анкъридж"
              },
              "Anguilla": {
                "exemplarCity": "Ангуила"
              },
              "Antigua": {
                "exemplarCity": "Антигуа"
              },
              "Araguaina": {
                "exemplarCity": "Арагуайна"
              },
              "Argentina": {
                "La_Rioja": {
                  "exemplarCity": "Ла Риоха"
                },
                "Rio_Gallegos": {
                  "exemplarCity": "Рио Галегос"
                },
                "Salta": {
                  "exemplarCity": "Салта"
                },
                "San_Juan": {
                  "exemplarCity": "Сан Хуан"
                },
                "San_Luis": {
                  "exemplarCity": "Сан Луис"
                },
                "Tucuman": {
                  "exemplarCity": "Тукуман"
                },
                "Ushuaia": {
                  "exemplarCity": "Ушуая"
                }
              },
              "Aruba": {
                "exemplarCity": "Аруба"
              },
              "Asuncion": {
                "exemplarCity": "Асунсион"
              },
              "Bahia": {
                "exemplarCity": "Баия"
              },
              "Bahia_Banderas": {
                "exemplarCity": "Баия де Бандерас"
              },
              "Barbados": {
                "exemplarCity": "Барбадос"
              },
              "Belem": {
                "exemplarCity": "Белем"
              },
              "Belize": {
                "exemplarCity": "Белиз"
              },
              "Blanc-Sablon": {
                "exemplarCity": "Блан-Саблон"
              },
              "Boa_Vista": {
                "exemplarCity": "Боа Виста"
              },
              "Bogota": {
                "exemplarCity": "Богота"
              },
              "Boise": {
                "exemplarCity": "Бойси"
              },
              "Buenos_Aires": {
                "exemplarCity": "Буенос Айрес"
              },
              "Cambridge_Bay": {
                "exemplarCity": "Кеймбридж Бей"
              },
              "Campo_Grande": {
                "exemplarCity": "Кампо Гранде"
              },
              "Cancun": {
                "exemplarCity": "Канкун"
              },
              "Caracas": {
                "exemplarCity": "Каракас"
              },
              "Catamarca": {
                "exemplarCity": "Катамарка"
              },
              "Cayenne": {
                "exemplarCity": "Кайен"
              },
              "Cayman": {
                "exemplarCity": "Кайманови острови"
              },
              "Chicago": {
                "exemplarCity": "Чикаго"
              },
              "Chihuahua": {
                "exemplarCity": "Чиуауа"
              },
              "Coral_Harbour": {
                "exemplarCity": "Корал Харбър"
              },
              "Cordoba": {
                "exemplarCity": "Кордоба"
              },
              "Costa_Rica": {
                "exemplarCity": "Коста Рика"
              },
              "Creston": {
                "exemplarCity": "Крестън"
              },
              "Cuiaba": {
                "exemplarCity": "Чуяба"
              },
              "Curacao": {
                "exemplarCity": "Кюрасао"
              },
              "Danmarkshavn": {
                "exemplarCity": "Данмарксхавн"
              },
              "Dawson": {
                "exemplarCity": "Доусън"
              },
              "Dawson_Creek": {
                "exemplarCity": "Доусън Крийк"
              },
              "Denver": {
                "exemplarCity": "Денвър"
              },
              "Detroit": {
                "exemplarCity": "Детройт"
              },
              "Dominica": {
                "exemplarCity": "Доминика"
              },
              "Edmonton": {
                "exemplarCity": "Едмънтън"
              },
              "Eirunepe": {
                "exemplarCity": "Ейрунепе"
              },
              "El_Salvador": {
                "exemplarCity": "Салвадор"
              },
              "Fortaleza": {
                "exemplarCity": "Форталеза"
              },
              "Glace_Bay": {
                "exemplarCity": "Глейс Бей"
              },
              "Godthab": {
                "exemplarCity": "Нуук"
              },
              "Goose_Bay": {
                "exemplarCity": "Гус Бей"
              },
              "Grand_Turk": {
                "exemplarCity": "Гранд Търк"
              },
              "Grenada": {
                "exemplarCity": "Гренада"
              },
              "Guadeloupe": {
                "exemplarCity": "Гваделупа"
              },
              "Guatemala": {
                "exemplarCity": "Гватемала"
              },
              "Guayaquil": {
                "exemplarCity": "Гуаякил"
              },
              "Guyana": {
                "exemplarCity": "Гаяна"
              },
              "Halifax": {
                "exemplarCity": "Халифакс"
              },
              "Havana": {
                "exemplarCity": "Хавана"
              },
              "Hermosillo": {
                "exemplarCity": "Ермосильо"
              },
              "Indiana": {
                "Knox": {
                  "exemplarCity": "Нокс"
                },
                "Marengo": {
                  "exemplarCity": "Маренго"
                },
                "Petersburg": {
                  "exemplarCity": "Питърсбърг"
                },
                "Tell_City": {
                  "exemplarCity": "Тел Сити"
                },
                "Vevay": {
                  "exemplarCity": "Виви"
                },
                "Vincennes": {
                  "exemplarCity": "Винсенс"
                },
                "Winamac": {
                  "exemplarCity": "Уинамак"
                }
              },
              "Indianapolis": {
                "exemplarCity": "Индианаполис"
              },
              "Inuvik": {
                "exemplarCity": "Инувик"
              },
              "Iqaluit": {
                "exemplarCity": "Иквалуит"
              },
              "Jamaica": {
                "exemplarCity": "Ямайка"
              },
              "Jujuy": {
                "exemplarCity": "Хухуй"
              },
              "Juneau": {
                "exemplarCity": "Джуно"
              },
              "Kentucky": {
                "Monticello": {
                  "exemplarCity": "Монтичело"
                }
              },
              "Kralendijk": {
                "exemplarCity": "Кралендейк"
              },
              "La_Paz": {
                "exemplarCity": "Ла Пас"
              },
              "Lima": {
                "exemplarCity": "Лима"
              },
              "Los_Angeles": {
                "exemplarCity": "Лос Анджелис"
              },
              "Louisville": {
                "exemplarCity": "Луисвил"
              },
              "Lower_Princes": {
                "exemplarCity": "Лоуър принсес куотър"
              },
              "Maceio": {
                "exemplarCity": "Масейо"
              },
              "Managua": {
                "exemplarCity": "Манагуа"
              },
              "Manaus": {
                "exemplarCity": "Манаус"
              },
              "Marigot": {
                "exemplarCity": "Мариго"
              },
              "Martinique": {
                "exemplarCity": "Мартиника"
              },
              "Matamoros": {
                "exemplarCity": "Матаморос"
              },
              "Mazatlan": {
                "exemplarCity": "Масатлан"
              },
              "Mendoza": {
                "exemplarCity": "Мендоса"
              },
              "Menominee": {
                "exemplarCity": "Меномини"
              },
              "Merida": {
                "exemplarCity": "Мерида"
              },
              "Metlakatla": {
                "exemplarCity": "Метлакатла"
              },
              "Mexico_City": {
                "exemplarCity": "Мексико Сити"
              },
              "Miquelon": {
                "exemplarCity": "Микелон"
              },
              "Moncton": {
                "exemplarCity": "Монктон"
              },
              "Monterrey": {
                "exemplarCity": "Монтерей"
              },
              "Montevideo": {
                "exemplarCity": "Монтевидео"
              },
              "Montserrat": {
                "exemplarCity": "Монтсерат"
              },
              "Nassau": {
                "exemplarCity": "Насау"
              },
              "New_York": {
                "exemplarCity": "Ню Йорк"
              },
              "Nipigon": {
                "exemplarCity": "Нипигон"
              },
              "Nome": {
                "exemplarCity": "Ноум"
              },
              "Noronha": {
                "exemplarCity": "Нороня"
              },
              "North_Dakota": {
                "Beulah": {
                  "exemplarCity": "Бюла"
                },
                "Center": {
                  "exemplarCity": "Сентър"
                },
                "New_Salem": {
                  "exemplarCity": "Ню Сейлъм"
                }
              },
              "Ojinaga": {
                "exemplarCity": "Охинага"
              },
              "Panama": {
                "exemplarCity": "Панама"
              },
              "Pangnirtung": {
                "exemplarCity": "Пангниртунг"
              },
              "Paramaribo": {
                "exemplarCity": "Парамарибо"
              },
              "Phoenix": {
                "exemplarCity": "Финикс"
              },
              "Port-au-Prince": {
                "exemplarCity": "Порт-о-Пренс"
              },
              "Port_of_Spain": {
                "exemplarCity": "Порт ъф Спейн"
              },
              "Porto_Velho": {
                "exemplarCity": "Порто Вельо"
              },
              "Puerto_Rico": {
                "exemplarCity": "Пуерто Рико"
              },
              "Rainy_River": {
                "exemplarCity": "Рейни Ривър"
              },
              "Rankin_Inlet": {
                "exemplarCity": "Ранкин Инлет"
              },
              "Recife": {
                "exemplarCity": "Ресифе"
              },
              "Regina": {
                "exemplarCity": "Риджайна"
              },
              "Resolute": {
                "exemplarCity": "Резолют"
              },
              "Rio_Branco": {
                "exemplarCity": "Рио Бранко"
              },
              "Santa_Isabel": {
                "exemplarCity": "Санта Исабел"
              },
              "Santarem": {
                "exemplarCity": "Сантарем"
              },
              "Santiago": {
                "exemplarCity": "Сантяго"
              },
              "Santo_Domingo": {
                "exemplarCity": "Санто Доминго"
              },
              "Sao_Paulo": {
                "exemplarCity": "Сао Пауло"
              },
              "Scoresbysund": {
                "exemplarCity": "Сгорсбисон"
              },
              "Sitka": {
                "exemplarCity": "Ситка"
              },
              "St_Barthelemy": {
                "exemplarCity": "Сен Бартелеми"
              },
              "St_Johns": {
                "exemplarCity": "Сейнт Джонс"
              },
              "St_Kitts": {
                "exemplarCity": "Сейнт Китс"
              },
              "St_Lucia": {
                "exemplarCity": "Сейнт Лусия"
              },
              "St_Thomas": {
                "exemplarCity": "Сейнт Томас"
              },
              "St_Vincent": {
                "exemplarCity": "Сейнт Винсънт"
              },
              "Swift_Current": {
                "exemplarCity": "Суифт Кърент"
              },
              "Tegucigalpa": {
                "exemplarCity": "Тегусигалпа"
              },
              "Thule": {
                "exemplarCity": "Туле"
              },
              "Thunder_Bay": {
                "exemplarCity": "Тъндър Бей"
              },
              "Tijuana": {
                "exemplarCity": "Тихуана"
              },
              "Toronto": {
                "exemplarCity": "Торонто"
              },
              "Tortola": {
                "exemplarCity": "Тортола"
              },
              "Vancouver": {
                "exemplarCity": "Ванкувър"
              },
              "Whitehorse": {
                "exemplarCity": "Уайтхорс"
              },
              "Winnipeg": {
                "exemplarCity": "Уинипег"
              },
              "Yakutat": {
                "exemplarCity": "Якутат"
              },
              "Yellowknife": {
                "exemplarCity": "Йелоунайф"
              }
            },
            "Atlantic": {
              "Azores": {
                "exemplarCity": "Азорски о-ви"
              },
              "Bermuda": {
                "exemplarCity": "Бермудски острови"
              },
              "Canary": {
                "exemplarCity": "Канарски о-ви"
              },
              "Cape_Verde": {
                "exemplarCity": "Кабо Верде"
              },
              "Faeroe": {
                "exemplarCity": "Фарьорски острови"
              },
              "Madeira": {
                "exemplarCity": "Мадейра"
              },
              "Reykjavik": {
                "exemplarCity": "Рейкявик"
              },
              "South_Georgia": {
                "exemplarCity": "Южна Джорджия"
              },
              "St_Helena": {
                "exemplarCity": "Света Елена"
              },
              "Stanley": {
                "exemplarCity": "Стенли"
              }
            },
            "Europe": {
              "Amsterdam": {
                "exemplarCity": "Амстердам"
              },
              "Andorra": {
                "exemplarCity": "Андора"
              },
              "Athens": {
                "exemplarCity": "Атина"
              },
              "Belgrade": {
                "exemplarCity": "Белград"
              },
              "Berlin": {
                "exemplarCity": "Берлин"
              },
              "Bratislava": {
                "exemplarCity": "Братислава"
              },
              "Brussels": {
                "exemplarCity": "Брюксел"
              },
              "Bucharest": {
                "exemplarCity": "Букурещ"
              },
              "Budapest": {
                "exemplarCity": "Будапеща"
              },
              "Busingen": {
                "exemplarCity": "Бюзинген"
              },
              "Chisinau": {
                "exemplarCity": "Кишинев"
              },
              "Copenhagen": {
                "exemplarCity": "Копенхаген"
              },
              "Dublin": {
                "long": {
                  "daylight": "Ирландско стандартно време"
                },
                "exemplarCity": "Дъблин"
              },
              "Gibraltar": {
                "exemplarCity": "Гибралтар"
              },
              "Guernsey": {
                "exemplarCity": "Гърнси"
              },
              "Helsinki": {
                "exemplarCity": "Хелзинки"
              },
              "Isle_of_Man": {
                "exemplarCity": "о-в Ман"
              },
              "Istanbul": {
                "exemplarCity": "Истанбул"
              },
              "Jersey": {
                "exemplarCity": "Джърси"
              },
              "Kaliningrad": {
                "exemplarCity": "Калининград"
              },
              "Kiev": {
                "exemplarCity": "Киев"
              },
              "Lisbon": {
                "exemplarCity": "Лисабон"
              },
              "Ljubljana": {
                "exemplarCity": "Любляна"
              },
              "London": {
                "long": {
                  "daylight": "Британско лятно часово време"
                },
                "exemplarCity": "Лондон"
              },
              "Luxembourg": {
                "exemplarCity": "Люксембург"
              },
              "Madrid": {
                "exemplarCity": "Мадрид"
              },
              "Malta": {
                "exemplarCity": "Малта"
              },
              "Mariehamn": {
                "exemplarCity": "Мариехамн"
              },
              "Minsk": {
                "exemplarCity": "Минск"
              },
              "Monaco": {
                "exemplarCity": "Монако"
              },
              "Moscow": {
                "exemplarCity": "Москва"
              },
              "Oslo": {
                "exemplarCity": "Осло"
              },
              "Paris": {
                "exemplarCity": "Париж"
              },
              "Podgorica": {
                "exemplarCity": "Подгорица"
              },
              "Prague": {
                "exemplarCity": "Прага"
              },
              "Riga": {
                "exemplarCity": "Рига"
              },
              "Rome": {
                "exemplarCity": "Рим"
              },
              "Samara": {
                "exemplarCity": "Самара"
              },
              "San_Marino": {
                "exemplarCity": "Сан Марино"
              },
              "Sarajevo": {
                "exemplarCity": "Сараево"
              },
              "Simferopol": {
                "exemplarCity": "Севастопол"
              },
              "Skopje": {
                "exemplarCity": "Скопие"
              },
              "Sofia": {
                "exemplarCity": "София"
              },
              "Stockholm": {
                "exemplarCity": "Стокхолм"
              },
              "Tallinn": {
                "exemplarCity": "Талин"
              },
              "Tirane": {
                "exemplarCity": "Тирана"
              },
              "Uzhgorod": {
                "exemplarCity": "Ужгород"
              },
              "Vaduz": {
                "exemplarCity": "Вадуц"
              },
              "Vatican": {
                "exemplarCity": "Ватикан"
              },
              "Vienna": {
                "exemplarCity": "Виена"
              },
              "Vilnius": {
                "exemplarCity": "Вилнюс"
              },
              "Volgograd": {
                "exemplarCity": "Волгоград"
              },
              "Warsaw": {
                "exemplarCity": "Варшава"
              },
              "Zagreb": {
                "exemplarCity": "Загреб"
              },
              "Zaporozhye": {
                "exemplarCity": "Запорожие"
              },
              "Zurich": {
                "exemplarCity": "Цюрих"
              }
            },
            "Africa": {
              "Abidjan": {
                "exemplarCity": "Абиджан"
              },
              "Accra": {
                "exemplarCity": "Акра"
              },
              "Addis_Ababa": {
                "exemplarCity": "Адис Абеба"
              },
              "Algiers": {
                "exemplarCity": "Алжир"
              },
              "Asmera": {
                "exemplarCity": "Асмара"
              },
              "Bamako": {
                "exemplarCity": "Бамако"
              },
              "Bangui": {
                "exemplarCity": "Бангуи"
              },
              "Banjul": {
                "exemplarCity": "Банджул"
              },
              "Bissau": {
                "exemplarCity": "Бисау"
              },
              "Blantyre": {
                "exemplarCity": "Блантайър"
              },
              "Brazzaville": {
                "exemplarCity": "Бразавил"
              },
              "Bujumbura": {
                "exemplarCity": "Бужумбура"
              },
              "Cairo": {
                "exemplarCity": "Кайро"
              },
              "Casablanca": {
                "exemplarCity": "Казабланка"
              },
              "Ceuta": {
                "exemplarCity": "Сеута"
              },
              "Conakry": {
                "exemplarCity": "Конакри"
              },
              "Dakar": {
                "exemplarCity": "Дакар"
              },
              "Dar_es_Salaam": {
                "exemplarCity": "Дар ес Салам"
              },
              "Djibouti": {
                "exemplarCity": "Джибути"
              },
              "Douala": {
                "exemplarCity": "Дуала"
              },
              "El_Aaiun": {
                "exemplarCity": "Ел Аюн"
              },
              "Freetown": {
                "exemplarCity": "Фрийтаун"
              },
              "Gaborone": {
                "exemplarCity": "Габороне"
              },
              "Harare": {
                "exemplarCity": "Хараре"
              },
              "Johannesburg": {
                "exemplarCity": "Йоханесбург"
              },
              "Juba": {
                "exemplarCity": "Джуба"
              },
              "Kampala": {
                "exemplarCity": "Кампала"
              },
              "Khartoum": {
                "exemplarCity": "Хартум"
              },
              "Kigali": {
                "exemplarCity": "Кигали"
              },
              "Kinshasa": {
                "exemplarCity": "Киншаса"
              },
              "Lagos": {
                "exemplarCity": "Лагос"
              },
              "Libreville": {
                "exemplarCity": "Либревил"
              },
              "Lome": {
                "exemplarCity": "Ломе"
              },
              "Luanda": {
                "exemplarCity": "Луанда"
              },
              "Lubumbashi": {
                "exemplarCity": "Лубумбаши"
              },
              "Lusaka": {
                "exemplarCity": "Лусака"
              },
              "Malabo": {
                "exemplarCity": "Малабо"
              },
              "Maputo": {
                "exemplarCity": "Мапуто"
              },
              "Maseru": {
                "exemplarCity": "Масеру"
              },
              "Mbabane": {
                "exemplarCity": "Мбабане"
              },
              "Mogadishu": {
                "exemplarCity": "Могадишу"
              },
              "Monrovia": {
                "exemplarCity": "Монровия"
              },
              "Nairobi": {
                "exemplarCity": "Найроби"
              },
              "Ndjamena": {
                "exemplarCity": "Нджамена"
              },
              "Niamey": {
                "exemplarCity": "Ниамей"
              },
              "Nouakchott": {
                "exemplarCity": "Нуакшот"
              },
              "Ouagadougou": {
                "exemplarCity": "Уагадугу"
              },
              "Porto-Novo": {
                "exemplarCity": "Порто Ново"
              },
              "Sao_Tome": {
                "exemplarCity": "Сао Томе"
              },
              "Tripoli": {
                "exemplarCity": "Триполи"
              },
              "Tunis": {
                "exemplarCity": "Тунис"
              },
              "Windhoek": {
                "exemplarCity": "Виндхук"
              }
            },
            "Asia": {
              "Aden": {
                "exemplarCity": "Аден"
              },
              "Almaty": {
                "exemplarCity": "Алмати"
              },
              "Amman": {
                "exemplarCity": "Аман"
              },
              "Anadyr": {
                "exemplarCity": "Анадир"
              },
              "Aqtau": {
                "exemplarCity": "Актау"
              },
              "Aqtobe": {
                "exemplarCity": "Актобе"
              },
              "Ashgabat": {
                "exemplarCity": "Ашхабад"
              },
              "Baghdad": {
                "exemplarCity": "Багдад"
              },
              "Bahrain": {
                "exemplarCity": "Бахрейн"
              },
              "Baku": {
                "exemplarCity": "Баку"
              },
              "Bangkok": {
                "exemplarCity": "Банкок"
              },
              "Beirut": {
                "exemplarCity": "Бейрут"
              },
              "Bishkek": {
                "exemplarCity": "Бишкек"
              },
              "Brunei": {
                "exemplarCity": "Бруней"
              },
              "Calcutta": {
                "exemplarCity": "Колката"
              },
              "Chita": {
                "exemplarCity": "Chita"
              },
              "Choibalsan": {
                "exemplarCity": "Чойбалсан"
              },
              "Colombo": {
                "exemplarCity": "Коломбо"
              },
              "Damascus": {
                "exemplarCity": "Дамаск"
              },
              "Dhaka": {
                "exemplarCity": "Дака"
              },
              "Dili": {
                "exemplarCity": "Дили"
              },
              "Dubai": {
                "exemplarCity": "Дубай"
              },
              "Dushanbe": {
                "exemplarCity": "Душанбе"
              },
              "Gaza": {
                "exemplarCity": "Газа"
              },
              "Hebron": {
                "exemplarCity": "Хеброн"
              },
              "Hong_Kong": {
                "exemplarCity": "Хонконг"
              },
              "Hovd": {
                "exemplarCity": "Ховд"
              },
              "Irkutsk": {
                "exemplarCity": "Иркутск"
              },
              "Jakarta": {
                "exemplarCity": "Джакарта"
              },
              "Jayapura": {
                "exemplarCity": "Джаяпура"
              },
              "Jerusalem": {
                "exemplarCity": "Йерусалим"
              },
              "Kabul": {
                "exemplarCity": "Кабул"
              },
              "Kamchatka": {
                "exemplarCity": "Камчатка"
              },
              "Karachi": {
                "exemplarCity": "Карачи"
              },
              "Katmandu": {
                "exemplarCity": "Катманду"
              },
              "Khandyga": {
                "exemplarCity": "Хандига"
              },
              "Krasnoyarsk": {
                "exemplarCity": "Красноярск"
              },
              "Kuala_Lumpur": {
                "exemplarCity": "Куала Лумпур"
              },
              "Kuching": {
                "exemplarCity": "Кучин"
              },
              "Kuwait": {
                "exemplarCity": "Кувейт"
              },
              "Macau": {
                "exemplarCity": "Макао"
              },
              "Magadan": {
                "exemplarCity": "Магадан"
              },
              "Makassar": {
                "exemplarCity": "Макасар"
              },
              "Manila": {
                "exemplarCity": "Манила"
              },
              "Muscat": {
                "exemplarCity": "Мускат"
              },
              "Nicosia": {
                "exemplarCity": "Никозия"
              },
              "Novokuznetsk": {
                "exemplarCity": "Новокузнецк"
              },
              "Novosibirsk": {
                "exemplarCity": "Новосибирск"
              },
              "Omsk": {
                "exemplarCity": "Омск"
              },
              "Oral": {
                "exemplarCity": "Арал"
              },
              "Phnom_Penh": {
                "exemplarCity": "Пном Пен"
              },
              "Pontianak": {
                "exemplarCity": "Понтианак"
              },
              "Pyongyang": {
                "exemplarCity": "Пхенян"
              },
              "Qatar": {
                "exemplarCity": "Катар"
              },
              "Qyzylorda": {
                "exemplarCity": "Къзълорда"
              },
              "Rangoon": {
                "exemplarCity": "Рангун"
              },
              "Riyadh": {
                "exemplarCity": "Рияд"
              },
              "Saigon": {
                "exemplarCity": "Хошимин"
              },
              "Sakhalin": {
                "exemplarCity": "Сахалин"
              },
              "Samarkand": {
                "exemplarCity": "Самарканд"
              },
              "Seoul": {
                "exemplarCity": "Сеул"
              },
              "Shanghai": {
                "exemplarCity": "Шанхай"
              },
              "Singapore": {
                "exemplarCity": "Сингапур"
              },
              "Srednekolymsk": {
                "exemplarCity": "Srednekolymsk"
              },
              "Taipei": {
                "exemplarCity": "Тайпе"
              },
              "Tashkent": {
                "exemplarCity": "Ташкент"
              },
              "Tbilisi": {
                "exemplarCity": "Тбилиси"
              },
              "Tehran": {
                "exemplarCity": "Техеран"
              },
              "Thimphu": {
                "exemplarCity": "Тхимпху"
              },
              "Tokyo": {
                "exemplarCity": "Токио"
              },
              "Ulaanbaatar": {
                "exemplarCity": "Улан Батор"
              },
              "Urumqi": {
                "exemplarCity": "Урумчи"
              },
              "Ust-Nera": {
                "exemplarCity": "Уст-Нера"
              },
              "Vientiane": {
                "exemplarCity": "Виентян"
              },
              "Vladivostok": {
                "exemplarCity": "Владивосток"
              },
              "Yakutsk": {
                "exemplarCity": "Якутск"
              },
              "Yekaterinburg": {
                "exemplarCity": "Екатеринбург"
              },
              "Yerevan": {
                "exemplarCity": "Ереван"
              }
            },
            "Indian": {
              "Antananarivo": {
                "exemplarCity": "Антананариво"
              },
              "Chagos": {
                "exemplarCity": "Чагос"
              },
              "Christmas": {
                "exemplarCity": "Рождество"
              },
              "Cocos": {
                "exemplarCity": "Кокосови острови"
              },
              "Comoro": {
                "exemplarCity": "Коморски острови"
              },
              "Kerguelen": {
                "exemplarCity": "Кергелен"
              },
              "Mahe": {
                "exemplarCity": "Мае"
              },
              "Maldives": {
                "exemplarCity": "Малдиви"
              },
              "Mauritius": {
                "exemplarCity": "Мавриций"
              },
              "Mayotte": {
                "exemplarCity": "Майот"
              },
              "Reunion": {
                "exemplarCity": "Реюнион"
              }
            },
            "Australia": {
              "Adelaide": {
                "exemplarCity": "Аделаида"
              },
              "Brisbane": {
                "exemplarCity": "Бризбейн"
              },
              "Broken_Hill": {
                "exemplarCity": "Броукън Хил"
              },
              "Currie": {
                "exemplarCity": "Къри"
              },
              "Darwin": {
                "exemplarCity": "Дарвин"
              },
              "Eucla": {
                "exemplarCity": "Юкла"
              },
              "Hobart": {
                "exemplarCity": "Хобарт"
              },
              "Lindeman": {
                "exemplarCity": "Линдеман"
              },
              "Lord_Howe": {
                "exemplarCity": "Лорд Хау"
              },
              "Melbourne": {
                "exemplarCity": "Мелбърн"
              },
              "Perth": {
                "exemplarCity": "Пърт"
              },
              "Sydney": {
                "exemplarCity": "Сидни"
              }
            },
            "Pacific": {
              "Apia": {
                "exemplarCity": "Апия"
              },
              "Auckland": {
                "exemplarCity": "Окланд"
              },
              "Bougainville": {
                "exemplarCity": "Bougainville"
              },
              "Chatham": {
                "exemplarCity": "Чатам"
              },
              "Easter": {
                "exemplarCity": "Великденски о-в"
              },
              "Efate": {
                "exemplarCity": "Ефате"
              },
              "Enderbury": {
                "exemplarCity": "Ендърбъри"
              },
              "Fakaofo": {
                "exemplarCity": "Факаофо"
              },
              "Fiji": {
                "exemplarCity": "Фиджи"
              },
              "Funafuti": {
                "exemplarCity": "Фунафути"
              },
              "Galapagos": {
                "exemplarCity": "Галапагоски о-ви"
              },
              "Gambier": {
                "exemplarCity": "Гамбие"
              },
              "Guadalcanal": {
                "exemplarCity": "Гуадалканал"
              },
              "Guam": {
                "exemplarCity": "Гуам"
              },
              "Honolulu": {
                "exemplarCity": "Хонолулу"
              },
              "Johnston": {
                "exemplarCity": "Джонстън"
              },
              "Kiritimati": {
                "exemplarCity": "Киритимати"
              },
              "Kosrae": {
                "exemplarCity": "Кошрай"
              },
              "Kwajalein": {
                "exemplarCity": "Куаджалин"
              },
              "Majuro": {
                "exemplarCity": "Маджуро"
              },
              "Marquesas": {
                "exemplarCity": "Маркизки о-ви"
              },
              "Midway": {
                "exemplarCity": "Мидуей"
              },
              "Nauru": {
                "exemplarCity": "Науру"
              },
              "Niue": {
                "exemplarCity": "Ниуе"
              },
              "Norfolk": {
                "exemplarCity": "Норфолк"
              },
              "Noumea": {
                "exemplarCity": "Нумеа"
              },
              "Pago_Pago": {
                "exemplarCity": "Паго Паго"
              },
              "Palau": {
                "exemplarCity": "Палау"
              },
              "Pitcairn": {
                "exemplarCity": "Питкерн"
              },
              "Ponape": {
                "exemplarCity": "Понпей"
              },
              "Port_Moresby": {
                "exemplarCity": "Порт Морсби"
              },
              "Rarotonga": {
                "exemplarCity": "Раротонга"
              },
              "Saipan": {
                "exemplarCity": "Сайпан"
              },
              "Tahiti": {
                "exemplarCity": "Таити"
              },
              "Tarawa": {
                "exemplarCity": "Тарауа"
              },
              "Tongatapu": {
                "exemplarCity": "Тонгатапу"
              },
              "Truk": {
                "exemplarCity": "Чуюк"
              },
              "Wake": {
                "exemplarCity": "Уейк"
              },
              "Wallis": {
                "exemplarCity": "Уолис"
              }
            },
            "Arctic": {
              "Longyearbyen": {
                "exemplarCity": "Лонгирбюен"
              }
            },
            "Antarctica": {
              "Casey": {
                "exemplarCity": "Кейси"
              },
              "Davis": {
                "exemplarCity": "Дейвис"
              },
              "DumontDUrville": {
                "exemplarCity": "Дюмон Дюрвил"
              },
              "Macquarie": {
                "exemplarCity": "Маккуори"
              },
              "Mawson": {
                "exemplarCity": "Моусън"
              },
              "McMurdo": {
                "exemplarCity": "Макмърдо"
              },
              "Palmer": {
                "exemplarCity": "Палмър"
              },
              "Rothera": {
                "exemplarCity": "Ротера"
              },
              "Syowa": {
                "exemplarCity": "Шова"
              },
              "Troll": {
                "exemplarCity": "Трол"
              },
              "Vostok": {
                "exemplarCity": "Восток"
              }
            },
            "Etc": {
              "GMT": {
                "exemplarCity": "GMT"
              },
              "GMT1": {
                "exemplarCity": "GMT+1"
              },
              "GMT10": {
                "exemplarCity": "GMT+10"
              },
              "GMT11": {
                "exemplarCity": "GMT+11"
              },
              "GMT12": {
                "exemplarCity": "GMT+12"
              },
              "GMT2": {
                "exemplarCity": "GMT+2"
              },
              "GMT3": {
                "exemplarCity": "GMT+3"
              },
              "GMT4": {
                "exemplarCity": "GMT+4"
              },
              "GMT5": {
                "exemplarCity": "GMT+5"
              },
              "GMT6": {
                "exemplarCity": "GMT+6"
              },
              "GMT7": {
                "exemplarCity": "GMT+7"
              },
              "GMT8": {
                "exemplarCity": "GMT+8"
              },
              "GMT9": {
                "exemplarCity": "GMT+9"
              },
              "GMT-1": {
                "exemplarCity": "GMT-1"
              },
              "GMT-10": {
                "exemplarCity": "GMT-10"
              },
              "GMT-11": {
                "exemplarCity": "GMT-11"
              },
              "GMT-12": {
                "exemplarCity": "GMT-12"
              },
              "GMT-13": {
                "exemplarCity": "GMT-13"
              },
              "GMT-14": {
                "exemplarCity": "GMT-14"
              },
              "GMT-2": {
                "exemplarCity": "GMT-2"
              },
              "GMT-3": {
                "exemplarCity": "GMT-3"
              },
              "GMT-4": {
                "exemplarCity": "GMT-4"
              },
              "GMT-5": {
                "exemplarCity": "GMT-5"
              },
              "GMT-6": {
                "exemplarCity": "GMT-6"
              },
              "GMT-7": {
                "exemplarCity": "GMT-7"
              },
              "GMT-8": {
                "exemplarCity": "GMT-8"
              },
              "GMT-9": {
                "exemplarCity": "GMT-9"
              },
              "Unknown": {
                "exemplarCity": "неизвестен"
              }
            }
          },
          "metazone": {
            "Afghanistan": {
              "long": {
                "standard": "Афганистанско време"
              }
            },
            "Africa_Central": {
              "long": {
                "standard": "Централноафриканско време"
              }
            },
            "Africa_Eastern": {
              "long": {
                "standard": "Източноафриканско време"
              }
            },
            "Africa_Southern": {
              "long": {
                "standard": "Южноафриканско време"
              }
            },
            "Africa_Western": {
              "long": {
                "generic": "Западноафриканско време",
                "standard": "Западноафриканско стандартно време",
                "daylight": "Западноафриканско лятно часово време"
              }
            },
            "Alaska": {
              "long": {
                "generic": "Аляска",
                "standard": "Аляска – стандартно време",
                "daylight": "Аляска – лятно часово време"
              }
            },
            "Amazon": {
              "long": {
                "generic": "Амазонско време",
                "standard": "Амазонско стандартно време",
                "daylight": "Амазонско лятно часово време"
              }
            },
            "America_Central": {
              "long": {
                "generic": "Северноамериканско централно време",
                "standard": "Северноамериканско централно стандартно време",
                "daylight": "Северноамериканско централно лятно часово време"
              }
            },
            "America_Eastern": {
              "long": {
                "generic": "Северноамериканско източно време",
                "standard": "Северноамериканско източно стандартно време",
                "daylight": "Северноамериканско източно лятно часово време"
              }
            },
            "America_Mountain": {
              "long": {
                "generic": "Северноамериканско планинско време",
                "standard": "Северноамериканско планинско стандартно време",
                "daylight": "Северноамериканско планинско лятно часово време"
              }
            },
            "America_Pacific": {
              "long": {
                "generic": "Северноамериканско тихоокеанско време",
                "standard": "Северноамериканско тихоокеанско стандартно време",
                "daylight": "Северноамериканско тихоокеанско лятно часово време"
              }
            },
            "Anadyr": {
              "long": {
                "generic": "Анадир време",
                "standard": "Анадир – стандартно време",
                "daylight": "Анадир – лятно часово време"
              }
            },
            "Apia": {
              "long": {
                "generic": "Апия",
                "standard": "Апия – стандартно време",
                "daylight": "Апия – лятно часово време"
              }
            },
            "Arabian": {
              "long": {
                "generic": "Арабско време",
                "standard": "Арабско стандартно време",
                "daylight": "Арабско лятно часово време"
              }
            },
            "Argentina": {
              "long": {
                "generic": "Аржентинско време",
                "standard": "Аржентинско стандартно време",
                "daylight": "Аржентинско лятно часово време"
              }
            },
            "Argentina_Western": {
              "long": {
                "generic": "Западноаржентинско време",
                "standard": "Западноаржентинско стандартно време",
                "daylight": "Западноаржентинско лятно часово време"
              }
            },
            "Armenia": {
              "long": {
                "generic": "Арменско време",
                "standard": "Арменско стандартно време",
                "daylight": "Арменско лятно часово време"
              }
            },
            "Atlantic": {
              "long": {
                "generic": "Северноамериканско атлантическо време",
                "standard": "Северноамериканско атлантическо стандартно време",
                "daylight": "Северноамериканско атлантическо лятно часово време"
              }
            },
            "Australia_Central": {
              "long": {
                "generic": "Австралия – централно време",
                "standard": "Австралия – централно стандартно време",
                "daylight": "Австралия – централно лятно часово време"
              }
            },
            "Australia_CentralWestern": {
              "long": {
                "generic": "Австралия – западно централно време",
                "standard": "Австралия – западно централно стандартно време",
                "daylight": "Австралия – западно централно лятно часово време"
              }
            },
            "Australia_Eastern": {
              "long": {
                "generic": "Австралия – източно време",
                "standard": "Австралия – източно стандартно време",
                "daylight": "Австралия – източно лятно часово време"
              }
            },
            "Australia_Western": {
              "long": {
                "generic": "Австралия – западно време",
                "standard": "Австралия – западно стандартно време",
                "daylight": "Австралия – западно лятно часово време"
              }
            },
            "Azerbaijan": {
              "long": {
                "generic": "Азербайджанско време",
                "standard": "Азербайджанско стандартно време",
                "daylight": "Азербайджанско лятно часово време"
              }
            },
            "Azores": {
              "long": {
                "generic": "Азорски острови",
                "standard": "Азорски острови – стандартно време",
                "daylight": "Азорски острови – лятно часово време"
              }
            },
            "Bangladesh": {
              "long": {
                "generic": "Бангладешко време",
                "standard": "Бангладешко стандартно време",
                "daylight": "Бангладешко лятно часово време"
              }
            },
            "Bhutan": {
              "long": {
                "standard": "Бутанско време"
              }
            },
            "Bolivia": {
              "long": {
                "standard": "Боливийско време"
              }
            },
            "Brasilia": {
              "long": {
                "generic": "Бразилско време",
                "standard": "Бразилско стандартно време",
                "daylight": "Бразилско лятно часово време"
              }
            },
            "Brunei": {
              "long": {
                "standard": "Бруней Даруссалам"
              }
            },
            "Cape_Verde": {
              "long": {
                "generic": "Кабо Верде",
                "standard": "Кабо Верде – стандартно време",
                "daylight": "Кабо Верде – лятно часово време"
              }
            },
            "Chamorro": {
              "long": {
                "standard": "Чаморо – стандартно време"
              }
            },
            "Chatham": {
              "long": {
                "generic": "Чатъм",
                "standard": "Чатъм – стандартно време",
                "daylight": "Чатъм – лятно часово време"
              }
            },
            "Chile": {
              "long": {
                "generic": "Чилийско време",
                "standard": "Чилийско стандартно време",
                "daylight": "Чилийско лятно часово време"
              }
            },
            "China": {
              "long": {
                "generic": "Китайско време",
                "standard": "Китайско стандартно време",
                "daylight": "Китайско лятно часово време"
              }
            },
            "Choibalsan": {
              "long": {
                "generic": "Чойбалсанско време",
                "standard": "Чойбалсанско стандартно време",
                "daylight": "Чойбалсанско лятно часово време"
              }
            },
            "Christmas": {
              "long": {
                "standard": "Остров Рождество"
              }
            },
            "Cocos": {
              "long": {
                "standard": "Кокосови острови"
              }
            },
            "Colombia": {
              "long": {
                "generic": "Колумбийско време",
                "standard": "Колумбийско стандартно време",
                "daylight": "Колумбийско лятно часово време"
              }
            },
            "Cook": {
              "long": {
                "generic": "Острови Кук",
                "standard": "Острови Кук – стандартно време",
                "daylight": "Острови Кук – лятно часово време"
              }
            },
            "Cuba": {
              "long": {
                "generic": "Кубинско време",
                "standard": "Кубинско стандартно време",
                "daylight": "Кубинско лятно часово време"
              }
            },
            "Davis": {
              "long": {
                "standard": "Дейвис"
              }
            },
            "DumontDUrville": {
              "long": {
                "standard": "Дюмон Дюрвил"
              }
            },
            "East_Timor": {
              "long": {
                "standard": "Източнотиморско време"
              }
            },
            "Easter": {
              "long": {
                "generic": "Великденски остров",
                "standard": "Великденски остров – стандартно време",
                "daylight": "Великденски остров – лятно часово време"
              }
            },
            "Ecuador": {
              "long": {
                "standard": "Еквадорско време"
              }
            },
            "Europe_Central": {
              "long": {
                "generic": "Централноевропейско време",
                "standard": "Централноевропейско стандартно време",
                "daylight": "Централноевропейско лятно часово време"
              }
            },
            "Europe_Eastern": {
              "long": {
                "generic": "Източноевропейско време",
                "standard": "Източноевропейско стандартно време",
                "daylight": "Източноевропейско лятно часово време"
              }
            },
            "Europe_Further_Eastern": {
              "long": {
                "standard": "Далечно източноевропейско време"
              }
            },
            "Europe_Western": {
              "long": {
                "generic": "Западноевропейско време",
                "standard": "Западноевропейско стандартно време",
                "daylight": "Западноевропейско лятно време"
              }
            },
            "Falkland": {
              "long": {
                "generic": "Фолклендски острови",
                "standard": "Фолклендски острови – стандартно време",
                "daylight": "Фолклендски острови – лятно часово време"
              }
            },
            "Fiji": {
              "long": {
                "generic": "Фиджи",
                "standard": "Фиджи – стандартно време",
                "daylight": "Фиджи – лятно часово време"
              }
            },
            "French_Guiana": {
              "long": {
                "standard": "Френска Гвиана"
              }
            },
            "French_Southern": {
              "long": {
                "standard": "Френски южни и антарктически територии"
              }
            },
            "GMT": {
              "long": {
                "standard": "Средно гринуичко време"
              }
            },
            "Galapagos": {
              "long": {
                "standard": "Галапагоско време"
              }
            },
            "Gambier": {
              "long": {
                "standard": "Гамбие"
              }
            },
            "Georgia": {
              "long": {
                "generic": "Грузинско време",
                "standard": "Грузинско стандартно време",
                "daylight": "Грузинско лятно часово време"
              }
            },
            "Gilbert_Islands": {
              "long": {
                "standard": "Острови Гилбърт"
              }
            },
            "Greenland_Eastern": {
              "long": {
                "generic": "Източногренландско време",
                "standard": "Източногренландско стандартно време",
                "daylight": "Източногренландско лятно часово време"
              }
            },
            "Greenland_Western": {
              "long": {
                "generic": "Западногренландско време",
                "standard": "Западногренландско стандартно време",
                "daylight": "Западногренландско лятно часово време"
              }
            },
            "Gulf": {
              "long": {
                "standard": "Персийски залив"
              }
            },
            "Guyana": {
              "long": {
                "standard": "Гаяна"
              }
            },
            "Hawaii_Aleutian": {
              "long": {
                "generic": "Хавайско-алеутско време",
                "standard": "Хавайско-алеутско стандартно време",
                "daylight": "Хавайско-алеутско лятно часово време"
              }
            },
            "Hong_Kong": {
              "long": {
                "generic": "Хонконгско време",
                "standard": "Хонконгско стандартно време",
                "daylight": "Хонконгско лятно часово време"
              }
            },
            "Hovd": {
              "long": {
                "generic": "Ховдско време",
                "standard": "Ховдско стандартно време",
                "daylight": "Ховдско лятно часово време"
              }
            },
            "India": {
              "long": {
                "standard": "Индийско стандартно време"
              }
            },
            "Indian_Ocean": {
              "long": {
                "standard": "Индийски океан"
              }
            },
            "Indochina": {
              "long": {
                "standard": "Индокитайско време"
              }
            },
            "Indonesia_Central": {
              "long": {
                "standard": "Централноиндонезийско време"
              }
            },
            "Indonesia_Eastern": {
              "long": {
                "standard": "Източноиндонезийско време"
              }
            },
            "Indonesia_Western": {
              "long": {
                "standard": "Западноиндонезийско време"
              }
            },
            "Iran": {
              "long": {
                "generic": "Иранско време",
                "standard": "Иранско стандартно време",
                "daylight": "Иранско лятно часово време"
              }
            },
            "Irkutsk": {
              "long": {
                "generic": "Иркутско време",
                "standard": "Иркутско стандартно време",
                "daylight": "Иркутско лятно часово време"
              }
            },
            "Israel": {
              "long": {
                "generic": "Израелско време",
                "standard": "Израелско стандартно време",
                "daylight": "Израелско лятно часово време"
              }
            },
            "Japan": {
              "long": {
                "generic": "Японско време",
                "standard": "Японско стандартно време",
                "daylight": "Японско лятно часово време"
              }
            },
            "Kamchatka": {
              "long": {
                "generic": "Петропавловск-Камчатски време",
                "standard": "Петропавловск-Камчатски стандартно време",
                "daylight": "Петропавловск-Камчатски – лятно часово време"
              }
            },
            "Kazakhstan_Eastern": {
              "long": {
                "standard": "Източноказахстанско време"
              }
            },
            "Kazakhstan_Western": {
              "long": {
                "standard": "Западноказахстанско време"
              }
            },
            "Korea": {
              "long": {
                "generic": "Корейско време",
                "standard": "Корейско стандартно време",
                "daylight": "Корейско лятно часово време"
              }
            },
            "Kosrae": {
              "long": {
                "standard": "Кошрай"
              }
            },
            "Krasnoyarsk": {
              "long": {
                "generic": "Красноярско време",
                "standard": "Красноярско стандартно време",
                "daylight": "Красноярско лятно часово време"
              }
            },
            "Kyrgystan": {
              "long": {
                "standard": "Киргизстанско време"
              }
            },
            "Line_Islands": {
              "long": {
                "standard": "Екваториални острови"
              }
            },
            "Lord_Howe": {
              "long": {
                "generic": "Лорд Хау",
                "standard": "Лорд Хау – стандартно време",
                "daylight": "Лорд Хау – лятно часово време"
              }
            },
            "Macquarie": {
              "long": {
                "standard": "Маккуори"
              }
            },
            "Magadan": {
              "long": {
                "generic": "Магаданско време",
                "standard": "Магаданско стандартно време",
                "daylight": "Магаданско лятно часово време"
              }
            },
            "Malaysia": {
              "long": {
                "standard": "Малайзийско време"
              }
            },
            "Maldives": {
              "long": {
                "standard": "Малдивски острови"
              }
            },
            "Marquesas": {
              "long": {
                "standard": "Маркизки острови"
              }
            },
            "Marshall_Islands": {
              "long": {
                "standard": "Маршалови острови"
              }
            },
            "Mauritius": {
              "long": {
                "generic": "Мавриций",
                "standard": "Мавриций – стандартно време",
                "daylight": "Мавриций – лятно часово време"
              }
            },
            "Mawson": {
              "long": {
                "standard": "Моусън"
              }
            },
            "Mexico_Northwest": {
              "long": {
                "generic": "Мексико – северозападно време",
                "standard": "Мексико – северозападно стандартно време",
                "daylight": "Мексико – северозападно лятно часово време"
              }
            },
            "Mexico_Pacific": {
              "long": {
                "generic": "Мексиканско тихоокеанско време",
                "standard": "Мексиканско тихоокеанско стандартно време",
                "daylight": "Мексиканско тихоокеанско лятно часово време"
              }
            },
            "Mongolia": {
              "long": {
                "generic": "Уланбаторско време",
                "standard": "Уланбаторско стандартно време",
                "daylight": "Уланбаторско лятно часово време"
              }
            },
            "Moscow": {
              "long": {
                "generic": "Московско време",
                "standard": "Московско стандартно време",
                "daylight": "Московско лятно часово време"
              }
            },
            "Myanmar": {
              "long": {
                "standard": "Мианмарско време"
              }
            },
            "Nauru": {
              "long": {
                "standard": "Науру"
              }
            },
            "Nepal": {
              "long": {
                "standard": "Непалско време"
              }
            },
            "New_Caledonia": {
              "long": {
                "generic": "Новокаледонско време",
                "standard": "Новокаледонско стандартно време",
                "daylight": "Новокаледонско лятно часово време"
              }
            },
            "New_Zealand": {
              "long": {
                "generic": "Новозеландско време",
                "standard": "Новозеландско стандартно време",
                "daylight": "Новозеландско лятно часово време"
              }
            },
            "Newfoundland": {
              "long": {
                "generic": "Нюфаундлендско време",
                "standard": "Нюфаундлендско стандартно време",
                "daylight": "Нюфаундлендско лятно часово време"
              }
            },
            "Niue": {
              "long": {
                "standard": "Ниуе"
              }
            },
            "Norfolk": {
              "long": {
                "standard": "Норфолк"
              }
            },
            "Noronha": {
              "long": {
                "generic": "Фернандо де Нороня",
                "standard": "Фернандо де Нороня – стандартно време",
                "daylight": "Фернандо де Нороня – лятно часово време"
              }
            },
            "Novosibirsk": {
              "long": {
                "generic": "Новосибирско време",
                "standard": "Новосибирско стандартно време",
                "daylight": "Новосибирско лятно часово време"
              }
            },
            "Omsk": {
              "long": {
                "generic": "Омско време",
                "standard": "Омско стандартно време",
                "daylight": "Омско лятно часово време"
              }
            },
            "Pakistan": {
              "long": {
                "generic": "Пакистанско време",
                "standard": "Пакистанско стандартно време",
                "daylight": "Пакистанско лятно часово време"
              }
            },
            "Palau": {
              "long": {
                "standard": "Палау"
              }
            },
            "Papua_New_Guinea": {
              "long": {
                "standard": "Папуа Нова Гвинея"
              }
            },
            "Paraguay": {
              "long": {
                "generic": "Парагвайско време",
                "standard": "Парагвайско стандартно време",
                "daylight": "Парагвайско лятно часово време"
              }
            },
            "Peru": {
              "long": {
                "generic": "Перуанско време",
                "standard": "Перуанско стандартно време",
                "daylight": "Перуанско лятно часово време"
              }
            },
            "Philippines": {
              "long": {
                "generic": "Филипинско време",
                "standard": "Филипинско стандартно време",
                "daylight": "Филипинско лятно часово време"
              }
            },
            "Phoenix_Islands": {
              "long": {
                "standard": "Острови Феникс"
              }
            },
            "Pierre_Miquelon": {
              "long": {
                "generic": "Сен Пиер и Микелон",
                "standard": "Сен Пиер и Микелон – стандартно време",
                "daylight": "Сен Пиер и Микелон – лятно часово време"
              }
            },
            "Pitcairn": {
              "long": {
                "standard": "Питкерн"
              }
            },
            "Ponape": {
              "long": {
                "standard": "Понапе"
              }
            },
            "Reunion": {
              "long": {
                "standard": "Реюнион"
              }
            },
            "Rothera": {
              "long": {
                "standard": "Ротера"
              }
            },
            "Sakhalin": {
              "long": {
                "generic": "Сахалинско време",
                "standard": "Сахалинско стандартно време",
                "daylight": "Сахалинско лятно часово време"
              }
            },
            "Samara": {
              "long": {
                "generic": "Самара време",
                "standard": "Самара – стандартно време",
                "daylight": "Самара – лятно часово време"
              }
            },
            "Samoa": {
              "long": {
                "generic": "Самоанско време",
                "standard": "Самоанско стандартно време",
                "daylight": "Самоанско лятно часово време"
              }
            },
            "Seychelles": {
              "long": {
                "standard": "Сейшелски острови"
              }
            },
            "Singapore": {
              "long": {
                "standard": "Сингапурско време"
              }
            },
            "Solomon": {
              "long": {
                "standard": "Соломонови острови"
              }
            },
            "South_Georgia": {
              "long": {
                "standard": "Южна Джорджия"
              }
            },
            "Suriname": {
              "long": {
                "standard": "Суринамско време"
              }
            },
            "Syowa": {
              "long": {
                "standard": "Шова"
              }
            },
            "Tahiti": {
              "long": {
                "standard": "Таитянско време"
              }
            },
            "Taipei": {
              "long": {
                "generic": "Тайпе",
                "standard": "Тайпе – стандартно време",
                "daylight": "Тайпе – лятно часово време"
              }
            },
            "Tajikistan": {
              "long": {
                "standard": "Таджикистанско време"
              }
            },
            "Tokelau": {
              "long": {
                "standard": "Токелау"
              }
            },
            "Tonga": {
              "long": {
                "generic": "Тонга",
                "standard": "Тонга – стандартно време",
                "daylight": "Тонга – лятно часово време"
              }
            },
            "Truk": {
              "long": {
                "standard": "Чуюк"
              }
            },
            "Turkmenistan": {
              "long": {
                "generic": "Туркменистанско време",
                "standard": "Туркменистанско стандартно време",
                "daylight": "Туркменистанско лятно часово време"
              }
            },
            "Tuvalu": {
              "long": {
                "standard": "Тувалу"
              }
            },
            "Uruguay": {
              "long": {
                "generic": "Уругвайско време",
                "standard": "Уругвайско стандартно време",
                "daylight": "Уругвайско лятно часово време"
              }
            },
            "Uzbekistan": {
              "long": {
                "generic": "Узбекистанско време",
                "standard": "Узбекистанско стандартно време",
                "daylight": "Узбекистанско лятно часово време"
              }
            },
            "Vanuatu": {
              "long": {
                "generic": "Вануату",
                "standard": "Вануату – стандартно време",
                "daylight": "Вануату – лятно часово време"
              }
            },
            "Venezuela": {
              "long": {
                "standard": "Венецуелско време"
              }
            },
            "Vladivostok": {
              "long": {
                "generic": "Владивостокско време",
                "standard": "Владивостокско стандартно време",
                "daylight": "Владивостокско лятно часово време"
              }
            },
            "Volgograd": {
              "long": {
                "generic": "Волгоградско време",
                "standard": "Волгоградско стандартно време",
                "daylight": "Волгоградско лятно часово време"
              }
            },
            "Vostok": {
              "long": {
                "standard": "Восток"
              }
            },
            "Wake": {
              "long": {
                "standard": "Остров Уейк"
              }
            },
            "Wallis": {
              "long": {
                "standard": "Уолис и Футуна"
              }
            },
            "Yakutsk": {
              "long": {
                "generic": "Якутско време",
                "standard": "Якутскско стандартно време",
                "daylight": "Якутскско лятно часово време"
              }
            },
            "Yekaterinburg": {
              "long": {
                "generic": "Екатеринбургско време",
                "standard": "Екатеринбургско стандартно време",
                "daylight": "Екатеринбургско лятно часово време"
              }
            }
          }
        }
      }
    }
  }
}
